Type,Product,Started Date,Completed Date,Description,Amount,Fee,Currency,State,Balance
CARD_PAYMENT,Current,2025-02-01 17:18:37,2025-02-01 17:18:37,Lemon Gym,-34.99,0.00,EUR,COMPLETED,1165.01
CARD_PAYMENT,Current,2025-02-01 19:29:43,2025-02-01 19:29:43,Patreon* Membership,-5.00,0.00,EUR,COMPLETED,1160.01
CARD_PAYMENT,Current,2025-02-01 19:50:05,2025-02-01 19:50:05,Vapiano,-10.47,0.00,EUR,COMPLETED,1149.54
TOPUP,Current,2025-02-02 17:55:39,2025-02-02 17:55:39,Payment from Darbdavys UAB,2400.00,0.00,EUR,COMPLETED,3549.54
CARD_PAYMENT,Current,2025-02-02 14:20:16,2025-02-02 14:20:16,Huracan Coffee,-15.67,0.00,EUR,COMPLETED,3533.87
CARD_PAYMENT,Current,2025-02-02 08:58:28,2025-02-02 08:58:28,Bolt,-45.98,0.00,EUR,COMPLETED,3487.89
TRANSFER,Current,2025-02-03 19:44:47,2025-02-03 19:44:47,To Rent Landlord,-650.00,0.00,EUR,COMPLETED,2837.89
CARD_PAYMENT,Current,2025-02-04 14:56:30,2025-02-04 14:56:30,Rimi Hyper,-46.78,0.00,EUR,COMPLETED,2791.11
CARD_PAYMENT,Current,2025-02-05 19:33:48,2025-02-05 19:33:48,Circle K,-38.79,0.00,EUR,COMPLETED,2752.32
CARD_PAYMENT,Current,2025-02-06 15:19:46,2025-02-06 15:19:46,Iki Express,-40.62,0.00,EUR,COMPLETED,2711.70
CARD_PAYMENT,Current,2025-02-07 10:00:44,2025-02-07 10:00:44,Netflix.com,-12.99,0.00,EUR,COMPLETED,2698.71
CARD_PAYMENT,Current,2025-02-07 15:29:03,2025-02-07 15:29:03,Lidl Vilnius,-6.15,0.00,EUR,COMPLETED,2692.56
CARD_PAYMENT,Current,2025-02-07 11:32:21,2025-02-07 11:32:21,Caif Cafe,-26.07,0.00,EUR,COMPLETED,2666.49
CARD_PAYMENT,Current,2025-02-08 19:32:43,2025-02-08 19:32:43,Norfa,-39.94,0.00,EUR,COMPLETED,2626.55
CARD_PAYMENT,Current,2025-02-08 19:13:59,2025-02-08 19:13:59,Wolt,-7.23,0.00,EUR,COMPLETED,2619.32
CARD_PAYMENT,Current,2025-02-09 17:32:58,2025-02-09 17:32:58,Norfa,-53.34,0.00,EUR,COMPLETED,2565.98
CARD_PAYMENT,Current,2025-02-10 11:06:48,2025-02-10 11:06:48,Maxima LT,-35.55,0.00,EUR,COMPLETED,2530.43
CARD_PAYMENT,Current,2025-02-10 09:07:49,2025-02-10 09:07:49,Wolt,-19.10,0.00,EUR,COMPLETED,2511.33
FEE,Current,2025-02-11 19:06:46,2025-02-11 19:06:46,Premium plan fee,-7.99,0.00,EUR,COMPLETED,2503.34
CARD_PAYMENT,Current,2025-02-11 11:09:29,2025-02-11 11:09:29,Lidl Vilnius,-18.64,0.00,EUR,COMPLETED,2484.70
CARD_PAYMENT,Current,2025-02-13 13:52:29,2025-02-13 13:52:29,Maxima LT,-12.58,0.00,EUR,COMPLETED,2472.12
CARD_PAYMENT,Current,2025-02-14 09:04:10,2025-02-14 09:04:10,Spotify P2C1A3B9F4,-10.99,0.00,EUR,COMPLETED,2461.13
CARD_PAYMENT,Current,2025-02-15 17:41:41,2025-02-15 17:41:41,Maxima LT,-9.64,0.00,EUR,COMPLETED,2451.49
CARD_PAYMENT,Current,2025-02-16 09:19:50,2025-02-16 09:19:50,Caif Cafe,-11.08,0.00,EUR,COMPLETED,2440.41
CARD_PAYMENT,Current,2025-02-17 14:52:38,2025-02-17 14:52:38,Apotheka,-45.40,0.00,EUR,COMPLETED,2395.01
CARD_PAYMENT,Current,2025-02-18 15:57:19,2025-02-18 15:57:19,Google *YouTube Premium,-11.99,0.00,EUR,COMPLETED,2383.02
CARD_PAYMENT,Current,2025-02-18 11:44:51,2025-02-18 11:44:51,Rimi Hyper,-5.75,0.00,EUR,COMPLETED,2377.27
CARD_PAYMENT,Current,2025-02-19 09:34:42,2025-02-19 09:34:42,Lidl Vilnius,-40.61,0.00,EUR,COMPLETED,2336.66
EXCHANGE,Current,2025-02-20 09:58:13,2025-02-20 09:58:13,Exchanged to USD,-50.00,0.00,EUR,COMPLETED,2286.66
CARD_PAYMENT,Current,2025-02-20 11:39:32,2025-02-20 11:39:32,Caif Cafe,-14.46,0.00,EUR,COMPLETED,2272.20
CARD_PAYMENT,Current,2025-02-21 14:52:42,2025-02-21 14:52:42,Apple.com/Bill,-2.99,0.00,EUR,COMPLETED,2269.21
CARD_PAYMENT,Current,2025-02-21 08:53:42,2025-02-21 08:53:42,Norfa,-62.00,0.00,EUR,COMPLETED,2207.21
CARD_PAYMENT,Current,2025-02-22 10:32:02,2025-02-22 10:32:02,Lidl Vilnius,-37.46,0.00,EUR,COMPLETED,2169.75
CARD_PAYMENT,Current,2025-02-24 16:18:30,2025-02-24 16:18:30,Rimi Hyper,-46.13,0.00,EUR,COMPLETED,2123.62
CARD_PAYMENT,Current,2025-02-24 18:27:29,2025-02-24 18:27:29,Caif Cafe,-15.49,0.00,EUR,COMPLETED,2108.13
CARD_PAYMENT,Current,2025-02-25 08:47:41,2025-02-25 08:47:41,Telia Lietuva,-19.90,0.00,EUR,COMPLETED,2088.23
CARD_PAYMENT,Current,2025-02-25 18:49:08,2025-02-25 18:49:08,Vapiano,-11.58,0.00,EUR,COMPLETED,2076.65
CARD_PAYMENT,Current,2025-02-27 09:43:54,2025-02-27 09:43:54,Steam Purchase,-61.51,0.00,EUR,COMPLETED,2015.14
CARD_PAYMENT,Current,2025-03-01 19:21:37,2025-03-01 19:21:37,Lemon Gym,-34.99,0.00,EUR,COMPLETED,1980.15
CARD_PAYMENT,Current,2025-03-01 17:36:57,2025-03-01 17:36:57,Patreon* Membership,-5.00,0.00,EUR,COMPLETED,1975.15
TOPUP,Current,2025-03-02 08:59:05,2025-03-02 08:59:05,Payment from Darbdavys UAB,2400.00,0.00,EUR,COMPLETED,4375.15
CARD_PAYMENT,Current,2025-03-02 16:08:10,2025-03-02 16:08:10,Vapiano,-19.40,0.00,EUR,COMPLETED,4355.75
CARD_PAYMENT,Current,2025-03-02 10:54:23,2025-03-02 10:54:23,Amazon.de,-4.93,0.00,EUR,COMPLETED,4350.82
TRANSFER,Current,2025-03-03 09:30:15,2025-03-03 09:30:15,To Rent Landlord,-650.00,0.00,EUR,COMPLETED,3700.82
CARD_PAYMENT,Current,2025-03-04 18:39:26,2025-03-04 18:39:26,Senukai,-50.17,0.00,EUR,COMPLETED,3650.65
CARD_PAYMENT,Current,2025-03-05 12:13:30,2025-03-05 12:13:30,Maxima LT,-11.48,0.00,EUR,COMPLETED,3639.17
CARD_PAYMENT,Current,2025-03-05 14:58:48,2025-03-05 14:58:48,Wolt,-18.01,0.00,EUR,COMPLETED,3621.16
CARD_PAYMENT,Current,2025-03-07 15:38:12,2025-03-07 15:38:12,Netflix.com,-12.99,0.00,EUR,COMPLETED,3608.17
CARD_PAYMENT,Current,2025-03-07 18:21:26,2025-03-07 18:21:26,Iki Express,-21.79,0.00,EUR,COMPLETED,3586.38
CARD_PAYMENT,Current,2025-03-09 10:41:59,2025-03-09 10:41:59,Bolt Food,-9.84,0.00,EUR,COMPLETED,3576.54
CARD_PAYMENT,Current,2025-03-09 11:48:30,2025-03-09 11:48:30,Apotheka,-38.31,0.00,EUR,COMPLETED,3538.23
FEE,Current,2025-03-11 16:31:46,2025-03-11 16:31:46,Premium plan fee,-7.99,0.00,EUR,COMPLETED,3530.24
CARD_PAYMENT,Current,2025-03-11 11:31:00,2025-03-11 11:31:00,Iki Express,-30.58,0.00,EUR,COMPLETED,3499.66
CARD_PAYMENT,Current,2025-03-12 09:44:07,2025-03-12 09:44:07,Iki Express,-46.07,0.00,EUR,COMPLETED,3453.59
CARD_PAYMENT,Current,2025-03-12 14:02:04,2025-03-12 14:02:04,Huracan Coffee,-28.01,0.00,EUR,COMPLETED,3425.58
CARD_PAYMENT,Current,2025-03-13 15:27:40,2025-03-13 15:27:40,Vapiano,-16.91,0.00,EUR,COMPLETED,3408.67
CARD_PAYMENT,Current,2025-03-14 18:34:31,2025-03-14 18:34:31,Spotify P2C1A3B9F4,-10.99,0.00,EUR,COMPLETED,3397.68
CARD_PAYMENT,Current,2025-03-14 08:19:28,2025-03-14 08:19:28,Rimi Hyper,-8.15,0.00,EUR,COMPLETED,3389.53
CARD_PAYMENT,Current,2025-03-14 18:06:59,2025-03-14 18:06:59,Senukai,-80.91,0.00,EUR,COMPLETED,3308.62
CARD_PAYMENT,Current,2025-03-15 12:39:53,2025-03-15 12:39:53,Senukai,-48.72,0.00,EUR,COMPLETED,3259.90
CARD_PAYMENT,Current,2025-03-16 12:24:38,2025-03-16 12:24:38,Bolt Food,-24.41,0.00,EUR,COMPLETED,3235.49
CARD_PAYMENT,Current,2025-03-17 08:12:00,2025-03-17 08:12:00,Wolt,-23.64,0.00,EUR,COMPLETED,3211.85
CARD_PAYMENT,Current,2025-03-18 18:52:18,2025-03-18 18:52:18,Google *YouTube Premium,-11.99,0.00,EUR,COMPLETED,3199.86
CARD_PAYMENT,Current,2025-03-18 19:29:45,2025-03-18 19:29:45,Amazon.de,-77.44,0.00,EUR,COMPLETED,3122.42
EXCHANGE,Current,2025-03-20 09:26:25,2025-03-20 09:26:25,Exchanged to USD,-50.00,0.00,EUR,COMPLETED,3072.42
CARD_PAYMENT,Current,2025-03-21 08:50:23,2025-03-21 08:50:23,Apple.com/Bill,-2.99,0.00,EUR,COMPLETED,3069.43
CARD_PAYMENT,Current,2025-03-21 15:16:48,2025-03-21 15:16:48,Caif Cafe,-18.89,0.00,EUR,COMPLETED,3050.54
CARD_PAYMENT,Current,2025-03-21 19:48:17,2025-03-21 19:48:17,Circle K,-36.89,0.00,EUR,COMPLETED,3013.65
CARD_PAYMENT,Current,2025-03-22 15:48:41,2025-03-22 15:48:41,Iki Express,-46.11,0.00,EUR,COMPLETED,2967.54
CARD_PAYMENT,Current,2025-03-22 09:42:23,2025-03-22 09:42:23,Wolt,-6.29,0.00,EUR,COMPLETED,2961.25
CARD_PAYMENT,Current,2025-03-24 09:17:48,2025-03-24 09:17:48,Maxima LT,-55.46,0.00,EUR,COMPLETED,2905.79
CARD_PAYMENT,Current,2025-03-24 17:15:35,2025-03-24 17:15:35,Caif Cafe,-18.82,0.00,EUR,COMPLETED,2886.97
CARD_PAYMENT,Current,2025-03-25 13:25:48,2025-03-25 13:25:48,Telia Lietuva,-22.40,0.00,EUR,COMPLETED,2864.57
CARD_PAYMENT,Current,2025-03-25 15:55:54,2025-03-25 15:55:54,Wolt,-28.02,0.00,EUR,COMPLETED,2836.55
CARD_PAYMENT,Current,2025-03-26 15:29:23,2025-03-26 15:29:23,Norfa,-16.03,0.00,EUR,COMPLETED,2820.52
CARD_PAYMENT,Current,2025-03-26 17:23:38,2025-03-26 17:23:38,Wolt,-27.03,0.00,EUR,COMPLETED,2793.49
CARD_PAYMENT,Current,2025-03-27 09:05:57,2025-03-27 09:05:57,Maxima LT,-52.06,0.00,EUR,COMPLETED,2741.43
CARD_PAYMENT,Current,2025-03-28 15:51:35,2025-03-28 15:51:35,Disney Plus,-8.99,0.00,EUR,COMPLETED,2732.44
CARD_PAYMENT,Current,2025-03-28 18:04:28,2025-03-28 18:04:28,Iki Express,-10.49,0.00,EUR,COMPLETED,2721.95
CARD_PAYMENT,Current,2025-03-29 13:36:44,2025-03-29 13:36:44,Norfa,-46.78,0.00,EUR,COMPLETED,2675.17
CARD_PAYMENT,Current,2025-03-29 13:51:13,2025-03-29 13:51:13,Huracan Coffee,-8.50,0.00,EUR,COMPLETED,2666.67
CARD_PAYMENT,Current,2025-03-29 17:12:01,2025-03-29 17:12:01,Amazon.de,-17.18,0.00,EUR,COMPLETED,2649.49
CARD_PAYMENT,Current,2025-03-30 18:59:55,2025-03-30 18:59:55,Norfa,-50.57,0.00,EUR,COMPLETED,2598.92
CARD_PAYMENT,Current,2025-03-31 17:13:27,2025-03-31 17:13:27,Bolt Food,-16.74,0.00,EUR,COMPLETED,2582.18
CARD_PAYMENT,Current,2025-04-01 13:10:59,2025-04-01 13:10:59,Lemon Gym,-34.99,0.00,EUR,COMPLETED,2547.19
CARD_PAYMENT,Current,2025-04-01 08:02:36,2025-04-01 08:02:36,Patreon* Membership,-5.00,0.00,EUR,COMPLETED,2542.19
CARD_PAYMENT,Current,2025-04-01 15:40:49,2025-04-01 15:40:49,Caif Cafe,-25.96,0.00,EUR,COMPLETED,2516.23
TOPUP,Current,2025-04-02 17:31:49,2025-04-02 17:31:49,Payment from Darbdavys UAB,2400.00,0.00,EUR,COMPLETED,4916.23
CARD_PAYMENT,Current,2025-04-02 09:43:49,2025-04-02 09:43:49,Norfa,-62.03,0.00,EUR,COMPLETED,4854.20
TRANSFER,Current,2025-04-03 14:13:54,2025-04-03 14:13:54,To Rent Landlord,-650.00,0.00,EUR,COMPLETED,4204.20
CARD_PAYMENT,Current,2025-04-03 18:29:27,2025-04-03 18:29:27,Wolt,-23.21,0.00,EUR,COMPLETED,4180.99
CARD_PAYMENT,Current,2025-04-04 17:25:06,2025-04-04 17:25:06,Maxima LT,-47.52,0.00,EUR,COMPLETED,4133.47
CARD_PAYMENT,Current,2025-04-06 18:53:32,2025-04-06 18:53:32,Maxima LT,-27.60,0.00,EUR,COMPLETED,4105.87
CARD_PAYMENT,Current,2025-04-07 12:38:16,2025-04-07 12:38:16,Netflix.com,-12.99,0.00,EUR,COMPLETED,4092.88
CARD_PAYMENT,Current,2025-04-07 15:50:44,2025-04-07 15:50:44,Maxima LT,-7.20,0.00,EUR,COMPLETED,4085.68
CARD_PAYMENT,Current,2025-04-08 10:59:23,2025-04-08 10:59:23,Rimi Hyper,-54.80,0.00,EUR,COMPLETED,4030.88
CARD_PAYMENT,Current,2025-04-09 14:08:13,2025-04-09 14:08:13,Vapiano,-7.96,0.00,EUR,COMPLETED,4022.92
CARD_PAYMENT,Current,2025-04-10 11:07:30,2025-04-10 11:07:30,Rimi Hyper,-20.98,0.00,EUR,COMPLETED,4001.94
FEE,Current,2025-04-11 15:37:57,2025-04-11 15:37:57,Premium plan fee,-7.99,0.00,EUR,COMPLETED,3993.95
CARD_PAYMENT,Current,2025-04-12 17:59:53,2025-04-12 17:59:53,Caif Cafe,-26.35,0.00,EUR,COMPLETED,3967.60
CARD_PAYMENT,Current,2025-04-13 17:57:27,2025-04-13 17:57:27,Rimi Hyper,-23.45,0.00,EUR,COMPLETED,3944.15
CARD_PAYMENT,Current,2025-04-14 09:47:08,2025-04-14 09:47:08,Spotify P2C1A3B9F4,-10.99,0.00,EUR,COMPLETED,3933.16
CARD_PAYMENT,Current,2025-04-14 08:23:13,2025-04-14 08:23:13,Iki Express,-52.83,0.00,EUR,COMPLETED,3880.33
CARD_PAYMENT,Current,2025-04-15 10:22:39,2025-04-15 10:22:39,Huracan Coffee,-14.06,0.00,EUR,COMPLETED,3866.27
CARD_PAYMENT,Current,2025-04-17 19:10:51,2025-04-17 19:10:51,Iki Express,-14.26,0.00,EUR,COMPLETED,3852.01
CARD_PAYMENT,Current,2025-04-17 08:17:50,2025-04-17 08:17:50,Bolt Food,-22.47,0.00,EUR,COMPLETED,3829.54
CARD_PAYMENT,Current,2025-04-17 15:29:01,2025-04-17 15:29:01,Steam Purchase,-41.20,0.00,EUR,COMPLETED,3788.34
CARD_PAYMENT,Current,2025-04-18 12:19:05,2025-04-18 12:19:05,Google *YouTube Premium,-11.99,0.00,EUR,COMPLETED,3776.35
CARD_PAYMENT,Current,2025-04-18 10:24:53,2025-04-18 10:24:53,Bolt,-47.49,0.00,EUR,COMPLETED,3728.86
EXCHANGE,Current,2025-04-20 13:12:37,2025-04-20 13:12:37,Exchanged to USD,-50.00,0.00,EUR,COMPLETED,3678.86
CARD_PAYMENT,Current,2025-04-20 11:59:39,2025-04-20 11:59:39,Norfa,-22.12,0.00,EUR,COMPLETED,3656.74
CARD_PAYMENT,Current,2025-04-20 08:58:28,2025-04-20 08:58:28,Pigu.lt,-27.07,0.00,EUR,COMPLETED,3629.67
CARD_PAYMENT,Current,2025-04-21 12:26:28,2025-04-21 12:26:28,Apple.com/Bill,-2.99,0.00,EUR,COMPLETED,3626.68
CARD_PAYMENT,Current,2025-04-21 10:38:56,2025-04-21 10:38:56,Lidl Vilnius,-57.49,0.00,EUR,COMPLETED,3569.19
CARD_PAYMENT,Current,2025-04-22 17:12:28,2025-04-22 17:12:28,Bolt,-73.42,0.00,EUR,COMPLETED,3495.77
CARD_PAYMENT,Current,2025-04-23 09:22:15,2025-04-23 09:22:15,Rimi Hyper,-59.23,0.00,EUR,COMPLETED,3436.54
CARD_PAYMENT,Current,2025-04-24 09:35:43,2025-04-24 09:35:43,Rimi Hyper,-34.40,0.00,EUR,COMPLETED,3402.14
CARD_PAYMENT,Current,2025-04-24 14:38:03,2025-04-24 14:38:03,Hesburger,-11.51,0.00,EUR,COMPLETED,3390.63
CARD_PAYMENT,Current,2025-04-25 19:02:12,2025-04-25 19:02:12,Telia Lietuva,-19.90,0.00,EUR,COMPLETED,3370.73
CARD_PAYMENT,Current,2025-04-25 15:58:13,2025-04-25 15:58:13,Rimi Hyper,-11.15,0.00,EUR,COMPLETED,3359.58
CARD_PAYMENT,Current,2025-04-25 18:09:03,2025-04-25 18:09:03,Huracan Coffee,-7.21,0.00,EUR,COMPLETED,3352.37
CARD_PAYMENT,Current,2025-04-27 17:55:09,2025-04-27 17:55:09,Maxima LT,-24.77,0.00,EUR,COMPLETED,3327.60
CARD_PAYMENT,Current,2025-04-28 17:33:50,2025-04-28 17:33:50,Disney Plus,-8.99,0.00,EUR,COMPLETED,3318.61
CARD_PAYMENT,Current,2025-04-28 09:53:19,2025-04-28 09:53:19,Maxima LT,-38.46,0.00,EUR,COMPLETED,3280.15
CARD_PAYMENT,Current,2025-04-29 16:52:23,2025-04-29 16:52:23,Norfa,-8.97,0.00,EUR,COMPLETED,3271.18
CARD_PAYMENT,Current,2025-05-01 09:16:00,2025-05-01 09:16:00,Lemon Gym,-34.99,0.00,EUR,COMPLETED,3236.19
CARD_PAYMENT,Current,2025-05-01 19:32:48,2025-05-01 19:32:48,Patreon* Membership,-5.00,0.00,EUR,COMPLETED,3231.19
CARD_PAYMENT,Current,2025-05-01 12:39:56,2025-05-01 12:39:56,Vapiano,-19.84,0.00,EUR,COMPLETED,3211.35
TOPUP,Current,2025-05-02 11:44:03,2025-05-02 11:44:03,Payment from Darbdavys UAB,2400.00,0.00,EUR,COMPLETED,5611.35
CARD_PAYMENT,Current,2025-05-02 13:33:11,2025-05-02 13:33:11,Lidl Vilnius,-41.70,0.00,EUR,COMPLETED,5569.65
TRANSFER,Current,2025-05-03 18:43:28,2025-05-03 18:43:28,To Rent Landlord,-650.00,0.00,EUR,COMPLETED,4919.65
CARD_PAYMENT,Current,2025-05-03 16:06:01,2025-05-03 16:06:01,Bolt Food,-16.00,0.00,EUR,COMPLETED,4903.65
CARD_PAYMENT,Current,2025-05-05 10:41:58,2025-05-05 10:41:58,Iki Express,-53.58,0.00,EUR,COMPLETED,4850.07
CARD_PAYMENT,Current,2025-05-06 14:51:19,2025-05-06 14:51:19,Rimi Hyper,-46.92,0.00,EUR,COMPLETED,4803.15
CARD_PAYMENT,Current,2025-05-07 14:11:02,2025-05-07 14:11:02,Netflix.com,-12.99,0.00,EUR,COMPLETED,4790.16
CARD_PAYMENT,Current,2025-05-07 18:55:15,2025-05-07 18:55:15,Norfa,-34.84,0.00,EUR,COMPLETED,4755.32
CARD_PAYMENT,Current,2025-05-07 15:01:52,2025-05-07 15:01:52,Caif Cafe,-12.74,0.00,EUR,COMPLETED,4742.58
CARD_PAYMENT,Current,2025-05-09 18:36:37,2025-05-09 18:36:37,Iki Express,-28.61,0.00,EUR,COMPLETED,4713.97
CARD_PAYMENT,Current,2025-05-09 15:03:36,2025-05-09 15:03:36,Circle K,-53.59,0.00,EUR,COMPLETED,4660.38
CARD_PAYMENT,Current,2025-05-10 16:39:09,2025-05-10 16:39:09,Huracan Coffee,-26.26,0.00,EUR,COMPLETED,4634.12
FEE,Current,2025-05-11 15:22:40,2025-05-11 15:22:40,Premium plan fee,-7.99,0.00,EUR,COMPLETED,4626.13
CARD_PAYMENT,Current,2025-05-11 10:38:44,2025-05-11 10:38:44,Iki Express,-29.12,0.00,EUR,COMPLETED,4597.01
CARD_PAYMENT,Current,2025-05-12 16:21:48,2025-05-12 16:21:48,Rimi Hyper,-59.77,0.00,EUR,COMPLETED,4537.24
CARD_PAYMENT,Current,2025-05-12 15:15:40,2025-05-12 15:15:40,Vapiano,-6.83,0.00,EUR,COMPLETED,4530.41
CARD_PAYMENT,Current,2025-05-13 17:59:38,2025-05-13 17:59:38,Iki Express,-60.35,0.00,EUR,COMPLETED,4470.06
CARD_PAYMENT,Current,2025-05-13 13:17:59,2025-05-13 13:17:59,Hesburger,-9.89,0.00,EUR,COMPLETED,4460.17
CARD_PAYMENT,Current,2025-05-14 13:52:14,2025-05-14 13:52:14,Spotify P2C1A3B9F4,-10.99,0.00,EUR,COMPLETED,4449.18
CARD_PAYMENT,Current,2025-05-14 14:50:04,2025-05-14 14:50:04,Maxima LT,-48.47,0.00,EUR,COMPLETED,4400.71
CARD_PAYMENT,Current,2025-05-15 11:20:25,2025-05-15 11:20:25,Norfa,-12.66,0.00,EUR,COMPLETED,4388.05
CARD_PAYMENT,Current,2025-05-15 14:12:57,2025-05-15 14:12:57,Huracan Coffee,-26.80,0.00,EUR,COMPLETED,4361.25
CARD_PAYMENT,Current,2025-05-16 15:12:52,2025-05-16 15:12:52,Norfa,-37.99,0.00,EUR,COMPLETED,4323.26
CARD_PAYMENT,Current,2025-05-18 11:45:41,2025-05-18 11:45:41,Google *YouTube Premium,-11.99,0.00,EUR,COMPLETED,4311.27
CARD_PAYMENT,Current,2025-05-18 13:10:27,2025-05-18 13:10:27,Rimi Hyper,-20.36,0.00,EUR,COMPLETED,4290.91
CARD_PAYMENT,Current,2025-05-18 12:28:28,2025-05-18 12:28:28,Steam Purchase,-62.63,0.00,EUR,COMPLETED,4228.28
CARD_PAYMENT,Current,2025-05-19 09:24:46,2025-05-19 09:24:46,Iki Express,-55.16,0.00,EUR,COMPLETED,4173.12
EXCHANGE,Current,2025-05-20 17:15:10,2025-05-20 17:15:10,Exchanged to USD,-50.00,0.00,EUR,COMPLETED,4123.12
CARD_PAYMENT,Current,2025-05-20 11:00:05,2025-05-20 11:00:05,Rimi Hyper,-37.73,0.00,EUR,COMPLETED,4085.39
CARD_PAYMENT,Current,2025-05-20 08:02:20,2025-05-20 08:02:20,Hesburger,-24.83,0.00,EUR,COMPLETED,4060.56
CARD_PAYMENT,Current,2025-05-21 08:54:08,2025-05-21 08:54:08,Apple.com/Bill,-2.99,0.00,EUR,COMPLETED,4057.57
CARD_PAYMENT,Current,2025-05-22 08:41:07,2025-05-22 08:41:07,Rimi Hyper,-26.75,0.00,EUR,COMPLETED,4030.82
CARD_PAYMENT,Current,2025-05-23 13:22:45,2025-05-23 13:22:45,Norfa,-14.35,0.00,EUR,COMPLETED,4016.47
CARD_PAYMENT,Current,2025-05-23 10:52:07,2025-05-23 10:52:07,Vapiano,-17.28,0.00,EUR,COMPLETED,3999.19
CARD_PAYMENT,Current,2025-05-24 16:42:25,2025-05-24 16:42:25,Caif Cafe,-7.70,0.00,EUR,COMPLETED,3991.49
CARD_PAYMENT,Current,2025-05-25 08:36:24,2025-05-25 08:36:24,Telia Lietuva,-19.90,0.00,EUR,COMPLETED,3971.59
CARD_PAYMENT,Current,2025-05-26 15:11:42,2025-05-26 15:11:42,Rimi Hyper,-31.94,0.00,EUR,COMPLETED,3939.65
CARD_PAYMENT,Current,2025-05-27 11:55:12,2025-05-27 11:55:12,Iki Express,-31.71,0.00,EUR,COMPLETED,3907.94
CARD_PAYMENT,Current,2025-05-27 14:50:47,2025-05-27 14:50:47,Vapiano,-14.58,0.00,EUR,COMPLETED,3893.36
CARD_PAYMENT,Current,2025-05-28 19:18:25,2025-05-28 19:18:25,Disney Plus,-8.99,0.00,EUR,COMPLETED,3884.37
CARD_PAYMENT,Current,2025-05-29 12:18:09,2025-05-29 12:18:09,Maxima LT,-49.21,0.00,EUR,COMPLETED,3835.16
CARD_PAYMENT,Current,2025-05-29 08:08:38,2025-05-29 08:08:38,Wolt,-8.74,0.00,EUR,COMPLETED,3826.42
CARD_PAYMENT,Current,2025-05-30 16:42:34,2025-05-30 16:42:34,Rimi Hyper,-24.80,0.00,EUR,COMPLETED,3801.62
CARD_PAYMENT,Current,2025-05-30 14:56:58,2025-05-30 14:56:58,Hesburger,-16.65,0.00,EUR,COMPLETED,3784.97
CARD_PAYMENT,Current,2025-06-01 10:04:11,2025-06-01 10:04:11,Lemon Gym,-34.99,0.00,EUR,COMPLETED,3749.98
CARD_PAYMENT,Current,2025-06-01 13:08:37,2025-06-01 13:08:37,Patreon* Membership,-5.00,0.00,EUR,COMPLETED,3744.98
TOPUP,Current,2025-06-02 16:54:12,2025-06-02 16:54:12,Payment from Darbdavys UAB,2400.00,0.00,EUR,COMPLETED,6144.98
TRANSFER,Current,2025-06-03 11:54:02,2025-06-03 11:54:02,To Rent Landlord,-650.00,0.00,EUR,COMPLETED,5494.98
CARD_PAYMENT,Current,2025-06-03 08:25:24,2025-06-03 08:25:24,Rimi Hyper,-24.25,0.00,EUR,COMPLETED,5470.73
CARD_PAYMENT,Current,2025-06-04 11:47:41,2025-06-04 11:47:41,Maxima LT,-27.50,0.00,EUR,COMPLETED,5443.23
CARD_PAYMENT,Current,2025-06-05 16:18:50,2025-06-05 16:18:50,Norfa,-20.21,0.00,EUR,COMPLETED,5423.02
CARD_PAYMENT,Current,2025-06-06 16:11:54,2025-06-06 16:11:54,Lidl Vilnius,-38.60,0.00,EUR,COMPLETED,5384.42
CARD_PAYMENT,Current,2025-06-07 17:44:19,2025-06-07 17:44:19,Netflix.com,-12.99,0.00,EUR,COMPLETED,5371.43
CARD_PAYMENT,Current,2025-06-08 11:33:46,2025-06-08 11:33:46,Wolt,-23.18,0.00,EUR,COMPLETED,5348.25
CARD_PAYMENT,Current,2025-06-10 18:55:43,2025-06-10 18:55:43,Norfa,-7.38,0.00,EUR,COMPLETED,5340.87
FEE,Current,2025-06-11 12:14:56,2025-06-11 12:14:56,Premium plan fee,-7.99,0.00,EUR,COMPLETED,5332.88
CARD_PAYMENT,Current,2025-06-12 16:35:55,2025-06-12 16:35:55,Amazon Prime*2K4LD8,-49.90,0.00,EUR,COMPLETED,5282.98
CARD_PAYMENT,Current,2025-06-12 08:47:52,2025-06-12 08:47:52,Maxima LT,-16.63,0.00,EUR,COMPLETED,5266.35
CARD_PAYMENT,Current,2025-06-12 11:29:56,2025-06-12 11:29:56,Caif Cafe,-28.27,0.00,EUR,COMPLETED,5238.08
CARD_PAYMENT,Current,2025-06-13 13:57:51,2025-06-13 13:57:51,Steam Purchase,-6.38,0.00,EUR,COMPLETED,5231.70
CARD_PAYMENT,Current,2025-06-14 11:15:02,2025-06-14 11:15:02,Spotify P2C1A3B9F4,-10.99,0.00,EUR,COMPLETED,5220.71
CARD_PAYMENT,Current,2025-06-14 15:25:57,2025-06-14 15:25:57,Pigu.lt,-76.79,0.00,EUR,COMPLETED,5143.92
CARD_PAYMENT,Current,2025-06-16 16:00:11,2025-06-16 16:00:11,Lidl Vilnius,-62.39,0.00,EUR,COMPLETED,5081.53
CARD_PAYMENT,Current,2025-06-16 12:18:05,2025-06-16 12:18:05,Wolt,-26.39,0.00,EUR,COMPLETED,5055.14
CARD_PAYMENT,Current,2025-06-16 11:13:21,2025-06-16 11:13:21,Amazon.de,-3.29,0.00,EUR,COMPLETED,5051.85
CARD_PAYMENT,Current,2025-06-17 16:05:11,2025-06-17 16:05:11,Vapiano,-5.06,0.00,EUR,COMPLETED,5046.79
CARD_PAYMENT,Current,2025-06-18 19:33:29,2025-06-18 19:33:29,Google *YouTube Premium,-11.99,0.00,EUR,COMPLETED,5034.80
CARD_PAYMENT,Current,2025-06-18 17:38:53,2025-06-18 17:38:53,Iki Express,-38.50,0.00,EUR,COMPLETED,4996.30
CARD_PAYMENT,Current,2025-06-19 13:24:04,2025-06-19 13:24:04,Huracan Coffee,-10.09,0.00,EUR,COMPLETED,4986.21
EXCHANGE,Current,2025-06-20 15:02:59,2025-06-20 15:02:59,Exchanged to USD,-50.00,0.00,EUR,COMPLETED,4936.21
CARD_PAYMENT,Current,2025-06-20 08:06:20,2025-06-20 08:06:20,Maxima LT,-59.33,0.00,EUR,COMPLETED,4876.88
CARD_PAYMENT,Current,2025-06-20 15:22:03,2025-06-20 15:22:03,Wolt,-23.16,0.00,EUR,COMPLETED,4853.72
CARD_PAYMENT,Current,2025-06-21 13:52:44,2025-06-21 13:52:44,Apple.com/Bill,-2.99,0.00,EUR,COMPLETED,4850.73
CARD_PAYMENT,Current,2025-06-22 15:57:02,2025-06-22 15:57:02,Iki Express,-17.15,0.00,EUR,COMPLETED,4833.58
CARD_PAYMENT,Current,2025-06-23 08:22:26,2025-06-23 08:22:26,Lidl Vilnius,-57.31,0.00,EUR,COMPLETED,4776.27
CARD_PAYMENT,Current,2025-06-24 16:58:24,2025-06-24 16:58:24,Maxima LT,-64.61,0.00,EUR,COMPLETED,4711.66
CARD_PAYMENT,Current,2025-06-25 10:50:47,2025-06-25 10:50:47,Telia Lietuva,-19.90,0.00,EUR,COMPLETED,4691.76
CARD_PAYMENT,Current,2025-06-25 14:12:25,2025-06-25 14:12:25,Iki Express,-27.84,0.00,EUR,COMPLETED,4663.92
CARD_PAYMENT,Current,2025-06-25 18:31:59,2025-06-25 18:31:59,Wolt,-13.53,0.00,EUR,COMPLETED,4650.39
CARD_PAYMENT,Current,2025-06-25 19:18:37,2025-06-25 19:18:37,Amazon.de,-14.48,0.00,EUR,COMPLETED,4635.91
CARD_PAYMENT,Current,2025-06-26 16:37:40,2025-06-26 16:37:40,Rimi Hyper,-45.60,0.00,EUR,COMPLETED,4590.31
CARD_PAYMENT,Current,2025-06-26 09:06:49,2025-06-26 09:06:49,Vapiano,-7.54,0.00,EUR,COMPLETED,4582.77
CARD_PAYMENT,Current,2025-06-27 18:42:28,2025-06-27 18:42:28,Steam Purchase,-7.35,0.00,EUR,COMPLETED,4575.42
CARD_PAYMENT,Current,2025-06-28 13:40:56,2025-06-28 13:40:56,Disney Plus,-8.99,0.00,EUR,COMPLETED,4566.43
CARD_PAYMENT,Current,2025-06-28 12:51:31,2025-06-28 12:51:31,Hesburger,-11.49,0.00,EUR,COMPLETED,4554.94
CARD_PAYMENT,Current,2025-06-28 15:31:00,2025-06-28 15:31:00,Pigu.lt,-22.15,0.00,EUR,COMPLETED,4532.79
CARD_PAYMENT,Current,2025-06-29 12:31:01,2025-06-29 12:31:01,Maxima LT,-61.78,0.00,EUR,COMPLETED,4471.01
CARD_PAYMENT,Current,2025-06-29 14:14:33,2025-06-29 14:14:33,Bolt Food,-9.80,0.00,EUR,COMPLETED,4461.21
CARD_PAYMENT,Current,2025-06-30 18:48:05,2025-06-30 18:48:05,Hesburger,-11.34,0.00,EUR,COMPLETED,4449.87
CARD_PAYMENT,Current,2025-07-01 17:35:10,2025-07-01 17:35:10,Lemon Gym,-34.99,0.00,EUR,COMPLETED,4414.88
CARD_PAYMENT,Current,2025-07-01 15:42:09,2025-07-01 15:42:09,Patreon* Membership,-5.00,0.00,EUR,COMPLETED,4409.88
CARD_PAYMENT,Current,2025-07-01 15:35:16,2025-07-01 15:35:16,Wolt,-7.10,0.00,EUR,COMPLETED,4402.78
CARD_PAYMENT,Current,2025-07-01 18:50:02,2025-07-01 18:50:02,Pigu.lt,-15.66,0.00,EUR,COMPLETED,4387.12
TOPUP,Current,2025-07-02 14:29:01,2025-07-02 14:29:01,Payment from Darbdavys UAB,2400.00,0.00,EUR,COMPLETED,6787.12
TRANSFER,Current,2025-07-03 13:03:13,2025-07-03 13:03:13,To Rent Landlord,-650.00,0.00,EUR,COMPLETED,6137.12
CARD_PAYMENT,Current,2025-07-03 12:37:19,2025-07-03 12:37:19,Norfa,-52.61,0.00,EUR,COMPLETED,6084.51
CARD_PAYMENT,Current,2025-07-03 18:25:06,2025-07-03 18:25:06,Bolt Food,-22.67,0.00,EUR,COMPLETED,6061.84
CARD_PAYMENT,Current,2025-07-04 19:35:34,2025-07-04 19:35:34,Bolt Food,-22.70,0.00,EUR,COMPLETED,6039.14
CARD_PAYMENT,Current,2025-07-05 09:11:55,2025-07-05 09:11:55,Bolt Food,-13.93,0.00,EUR,COMPLETED,6025.21
CARD_PAYMENT,Current,2025-07-05 15:05:27,2025-07-05 15:05:27,Steam Purchase,-48.06,0.00,EUR,COMPLETED,5977.15
CARD_PAYMENT,Current,2025-07-06 09:03:26,2025-07-06 09:03:26,Rimi Hyper,-48.99,0.00,EUR,COMPLETED,5928.16
CARD_PAYMENT,Current,2025-07-06 11:22:57,2025-07-06 11:22:57,Caif Cafe,-23.99,0.00,EUR,COMPLETED,5904.17
CARD_PAYMENT,Current,2025-07-06 15:26:50,2025-07-06 15:26:50,Pigu.lt,-77.68,0.00,EUR,COMPLETED,5826.49
CARD_PAYMENT,Current,2025-07-07 16:25:57,2025-07-07 16:25:57,Netflix.com,-12.99,0.00,EUR,COMPLETED,5813.50
CARD_PAYMENT,Current,2025-07-08 17:05:21,2025-07-08 17:05:21,Rimi Hyper,-34.21,0.00,EUR,COMPLETED,5779.29
CARD_PAYMENT,Current,2025-07-09 19:56:45,2025-07-09 19:56:45,Apple.com/Bill,-9.99,0.00,EUR,COMPLETED,5769.30
CARD_PAYMENT,Current,2025-07-09 17:20:45,2025-07-09 17:20:45,Rimi Hyper,-18.48,0.00,EUR,COMPLETED,5750.82
CARD_PAYMENT,Current,2025-07-09 09:42:52,2025-07-09 09:42:52,Huracan Coffee,-28.08,0.00,EUR,COMPLETED,5722.74
CARD_PAYMENT,Current,2025-07-10 19:14:17,2025-07-10 19:14:17,Maxima LT,-55.46,0.00,EUR,COMPLETED,5667.28
CARD_PAYMENT,Current,2025-07-10 13:57:50,2025-07-10 13:57:50,Senukai,-63.13,0.00,EUR,COMPLETED,5604.15
FEE,Current,2025-07-11 10:14:06,2025-07-11 10:14:06,Premium plan fee,-7.99,0.00,EUR,COMPLETED,5596.16
CARD_PAYMENT,Current,2025-07-11 11:49:54,2025-07-11 11:49:54,Rimi Hyper,-37.80,0.00,EUR,COMPLETED,5558.36
CARD_PAYMENT,Current,2025-07-12 10:31:31,2025-07-12 10:31:31,Bolt Food,-6.94,0.00,EUR,COMPLETED,5551.42
CARD_PAYMENT,Current,2025-07-13 17:31:28,2025-07-13 17:31:28,Rimi Hyper,-30.86,0.00,EUR,COMPLETED,5520.56
CARD_PAYMENT,Current,2025-07-14 18:10:55,2025-07-14 18:10:55,Spotify P2C1A3B9F4,-10.99,0.00,EUR,COMPLETED,5509.57
CARD_PAYMENT,Current,2025-07-14 13:14:27,2025-07-14 13:14:27,Vapiano,-25.96,0.00,EUR,COMPLETED,5483.61
CARD_PAYMENT,Current,2025-07-15 13:33:10,2025-07-15 13:33:10,Rimi Hyper,-35.98,0.00,EUR,COMPLETED,5447.63
CARD_PAYMENT,Current,2025-07-16 13:03:10,2025-07-16 13:03:10,Iki Express,-13.59,0.00,EUR,COMPLETED,5434.04
CARD_PAYMENT,Current,2025-07-16 16:01:23,2025-07-16 16:01:23,Hesburger,-17.70,0.00,EUR,COMPLETED,5416.34
CARD_PAYMENT,Current,2025-07-17 18:03:03,2025-07-17 18:03:03,Rimi Hyper,-32.29,0.00,EUR,COMPLETED,5384.05
CARD_PAYMENT,Current,2025-07-18 08:38:16,2025-07-18 08:38:16,Google *YouTube Premium,-11.99,0.00,EUR,COMPLETED,5372.06
CARD_PAYMENT,Current,2025-07-18 16:27:54,2025-07-18 16:27:54,Maxima LT,-52.29,0.00,EUR,COMPLETED,5319.77
CARD_PAYMENT,Current,2025-07-18 14:16:17,2025-07-18 14:16:17,Pigu.lt,-72.53,0.00,EUR,COMPLETED,5247.24
EXCHANGE,Current,2025-07-20 18:00:58,2025-07-20 18:00:58,Exchanged to USD,-50.00,0.00,EUR,COMPLETED,5197.24
CARD_PAYMENT,Current,2025-07-20 11:12:23,2025-07-20 11:12:23,Caif Cafe,-17.96,0.00,EUR,COMPLETED,5179.28
CARD_PAYMENT,Current,2025-07-21 19:53:15,2025-07-21 19:53:15,Apple.com/Bill,-2.99,0.00,EUR,COMPLETED,5176.29
CARD_PAYMENT,Current,2025-07-21 12:23:22,2025-07-21 12:23:22,Lidl Vilnius,-37.01,0.00,EUR,COMPLETED,5139.28
CARD_PAYMENT,Current,2025-07-23 19:42:45,2025-07-23 19:42:45,Bolt Food,-20.79,0.00,EUR,COMPLETED,5118.49
CARD_PAYMENT,Current,2025-07-23 15:09:25,2025-07-23 15:09:25,IKEA Vilnius,-47.07,0.00,EUR,COMPLETED,5071.42
CARD_PAYMENT,Current,2025-07-24 12:05:42,2025-07-24 12:05:42,Iki Express,-22.51,0.00,EUR,COMPLETED,5048.91
CARD_PAYMENT,Current,2025-07-24 16:23:31,2025-07-24 16:23:31,Circle K,-28.01,0.00,EUR,COMPLETED,5020.90
CARD_PAYMENT,Current,2025-07-25 13:29:13,2025-07-25 13:29:13,Telia Lietuva,-22.40,0.00,EUR,COMPLETED,4998.50
CARD_PAYMENT,Current,2025-07-25 17:37:08,2025-07-25 17:37:08,Norfa,-6.51,0.00,EUR,COMPLETED,4991.99
CARD_PAYMENT,Current,2025-07-26 10:08:21,2025-07-26 10:08:21,Norfa,-40.81,0.00,EUR,COMPLETED,4951.18
CARD_PAYMENT,Current,2025-07-27 16:55:49,2025-07-27 16:55:49,Rimi Hyper,-29.79,0.00,EUR,COMPLETED,4921.39
CARD_PAYMENT,Current,2025-07-27 19:13:48,2025-07-27 19:13:48,Apotheka,-7.70,0.00,EUR,COMPLETED,4913.69
CARD_PAYMENT,Current,2025-07-28 18:48:25,2025-07-28 18:48:25,Disney Plus,-8.99,0.00,EUR,COMPLETED,4904.70
CARD_PAYMENT,Current,2025-07-28 12:48:29,2025-07-28 12:48:29,Wolt,-22.16,0.00,EUR,COMPLETED,4882.54
CARD_PAYMENT,Current,2025-07-29 19:19:12,2025-07-29 19:19:12,Maxima LT,-30.01,0.00,EUR,COMPLETED,4852.53
CARD_PAYMENT,Current,2025-08-01 15:19:29,2025-08-01 15:19:29,Lemon Gym,-34.99,0.00,EUR,COMPLETED,4817.54
CARD_PAYMENT,Current,2025-08-01 12:10:56,2025-08-01 12:10:56,Patreon* Membership,-5.00,0.00,EUR,COMPLETED,4812.54
TOPUP,Current,2025-08-02 13:04:06,2025-08-02 13:04:06,Payment from Darbdavys UAB,2400.00,0.00,EUR,COMPLETED,7212.54
CARD_PAYMENT,Current,2025-08-02 14:13:18,2025-08-02 14:13:18,Iki Express,-13.61,0.00,EUR,COMPLETED,7198.93
TRANSFER,Current,2025-08-03 14:46:42,2025-08-03 14:46:42,To Rent Landlord,-650.00,0.00,EUR,COMPLETED,6548.93
CARD_PAYMENT,Current,2025-08-03 09:04:15,2025-08-03 09:04:15,Rimi Hyper,-16.08,0.00,EUR,COMPLETED,6532.85
CARD_PAYMENT,Current,2025-08-03 08:38:55,2025-08-03 08:38:55,Wolt,-17.39,0.00,EUR,COMPLETED,6515.46
CARD_PAYMENT,Current,2025-08-06 17:41:34,2025-08-06 17:41:34,Rimi Hyper,-59.03,0.00,EUR,COMPLETED,6456.43
CARD_PAYMENT,Current,2025-08-07 16:34:55,2025-08-07 16:34:55,Netflix.com,-12.99,0.00,EUR,COMPLETED,6443.44
CARD_PAYMENT,Current,2025-08-07 13:27:17,2025-08-07 13:27:17,Rimi Hyper,-33.99,0.00,EUR,COMPLETED,6409.45
CARD_PAYMENT,Current,2025-08-08 13:10:46,2025-08-08 13:10:46,Norfa,-8.84,0.00,EUR,COMPLETED,6400.61
CARD_PAYMENT,Current,2025-08-08 17:03:44,2025-08-08 17:03:44,Circle K,-40.58,0.00,EUR,COMPLETED,6360.03
CARD_PAYMENT,Current,2025-08-09 14:25:49,2025-08-09 14:25:49,Apple.com/Bill,-9.99,0.00,EUR,COMPLETED,6350.04
FEE,Current,2025-08-11 16:30:32,2025-08-11 16:30:32,Premium plan fee,-7.99,0.00,EUR,COMPLETED,6342.05
CARD_PAYMENT,Current,2025-08-11 19:44:25,2025-08-11 19:44:25,Rimi Hyper,-58.44,0.00,EUR,COMPLETED,6283.61
CARD_PAYMENT,Current,2025-08-13 12:51:16,2025-08-13 12:51:16,Maxima LT,-22.39,0.00,EUR,COMPLETED,6261.22
CARD_PAYMENT,Current,2025-08-13 18:12:05,2025-08-13 18:12:05,Caif Cafe,-20.02,0.00,EUR,COMPLETED,6241.20
CARD_PAYMENT,Current,2025-08-13 13:07:47,2025-08-13 13:07:47,Amazon.de,-44.35,0.00,EUR,COMPLETED,6196.85
CARD_PAYMENT,Current,2025-08-14 12:49:53,2025-08-14 12:49:53,Spotify P2C1A3B9F4,-11.99,0.00,EUR,COMPLETED,6184.86
CARD_PAYMENT,Current,2025-08-14 13:30:35,2025-08-14 13:30:35,Rimi Hyper,-22.06,0.00,EUR,COMPLETED,6162.80
CARD_PAYMENT,Current,2025-08-14 13:37:39,2025-08-14 13:37:39,Bolt,-43.43,0.00,EUR,COMPLETED,6119.37
CARD_PAYMENT,Current,2025-08-16 18:39:57,2025-08-16 18:39:57,Maxima LT,-63.64,0.00,EUR,COMPLETED,6055.73
CARD_PAYMENT,Current,2025-08-16 12:36:18,2025-08-16 12:36:18,Bolt,-55.24,0.00,EUR,COMPLETED,6000.49
CARD_PAYMENT,Current,2025-08-18 10:50:43,2025-08-18 10:50:43,Google *YouTube Premium,-11.99,0.00,EUR,COMPLETED,5988.50
EXCHANGE,Current,2025-08-20 19:06:26,2025-08-20 19:06:26,Exchanged to USD,-50.00,0.00,EUR,COMPLETED,5938.50
CARD_PAYMENT,Current,2025-08-20 12:20:27,2025-08-20 12:20:27,Lidl Vilnius,-16.83,0.00,EUR,COMPLETED,5921.67
CARD_PAYMENT,Current,2025-08-20 18:39:28,2025-08-20 18:39:28,Bolt Food,-25.63,0.00,EUR,COMPLETED,5896.04
CARD_PAYMENT,Current,2025-08-21 09:15:06,2025-08-21 09:15:06,Apple.com/Bill,-2.99,0.00,EUR,COMPLETED,5893.05
CARD_PAYMENT,Current,2025-08-21 16:58:11,2025-08-21 16:58:11,IKEA Vilnius,-67.50,0.00,EUR,COMPLETED,5825.55
CARD_PAYMENT,Current,2025-08-22 18:26:04,2025-08-22 18:26:04,Caif Cafe,-24.96,0.00,EUR,COMPLETED,5800.59
CARD_PAYMENT,Current,2025-08-24 13:06:42,2025-08-24 13:06:42,Norfa,-43.26,0.00,EUR,COMPLETED,5757.33
CARD_PAYMENT,Current,2025-08-24 16:24:30,2025-08-24 16:24:30,Vapiano,-23.21,0.00,EUR,COMPLETED,5734.12
CARD_PAYMENT,Current,2025-08-24 08:12:58,2025-08-24 08:12:58,Amazon.de,-16.55,0.00,EUR,COMPLETED,5717.57
CARD_PAYMENT,Current,2025-08-25 14:44:25,2025-08-25 14:44:25,Telia Lietuva,-19.90,0.00,EUR,COMPLETED,5697.67
CARD_PAYMENT,Current,2025-08-25 12:49:55,2025-08-25 12:49:55,Caif Cafe,-17.02,0.00,EUR,COMPLETED,5680.65
CARD_PAYMENT,Current,2025-08-26 11:47:14,2025-08-26 11:47:14,Iki Express,-32.77,0.00,EUR,COMPLETED,5647.88
CARD_PAYMENT,Current,2025-08-27 08:24:16,2025-08-27 08:24:16,Huracan Coffee,-11.87,0.00,EUR,COMPLETED,5636.01
CARD_PAYMENT,Current,2025-08-28 08:12:21,2025-08-28 08:12:21,Disney Plus,-8.99,0.00,EUR,COMPLETED,5627.02
CARD_PAYMENT,Current,2025-08-28 08:25:48,2025-08-28 08:25:48,Iki Express,-23.67,0.00,EUR,COMPLETED,5603.35
CARD_PAYMENT,Current,2025-08-28 13:07:21,2025-08-28 13:07:21,Wolt,-14.98,0.00,EUR,COMPLETED,5588.37
CARD_PAYMENT,Current,2025-08-28 17:01:55,2025-08-28 17:01:55,Apotheka,-55.08,0.00,EUR,COMPLETED,5533.29
CARD_PAYMENT,Current,2025-09-01 13:55:53,2025-09-01 13:55:53,Lemon Gym,-34.99,0.00,EUR,COMPLETED,5498.30
CARD_PAYMENT,Current,2025-09-01 13:58:23,2025-09-01 13:58:23,Patreon* Membership,-5.00,0.00,EUR,COMPLETED,5493.30
TOPUP,Current,2025-09-02 16:55:17,2025-09-02 16:55:17,Payment from Darbdavys UAB,2400.00,0.00,EUR,COMPLETED,7893.30
CARD_PAYMENT,Current,2025-09-02 11:31:06,2025-09-02 11:31:06,Lidl Vilnius,-42.27,0.00,EUR,COMPLETED,7851.03
CARD_PAYMENT,Current,2025-09-02 19:17:35,2025-09-02 19:17:35,Steam Purchase,-9.23,0.00,EUR,COMPLETED,7841.80
TRANSFER,Current,2025-09-03 18:41:47,2025-09-03 18:41:47,To Rent Landlord,-650.00,0.00,EUR,COMPLETED,7191.80
CARD_PAYMENT,Current,2025-09-03 10:28:08,2025-09-03 10:28:08,Norfa,-58.11,0.00,EUR,COMPLETED,7133.69
CARD_PAYMENT,Current,2025-09-05 11:26:27,2025-09-05 11:26:27,Rimi Hyper,-62.13,0.00,EUR,COMPLETED,7071.56
CARD_PAYMENT,Current,2025-09-06 11:35:25,2025-09-06 11:35:25,Norfa,-59.10,0.00,EUR,COMPLETED,7012.46
CARD_PAYMENT,Current,2025-09-07 17:07:37,2025-09-07 17:07:37,Netflix.com,-12.99,0.00,EUR,COMPLETED,6999.47
CARD_PAYMENT,Current,2025-09-07 10:03:36,2025-09-07 10:03:36,Iki Express,-25.50,0.00,EUR,COMPLETED,6973.97
CARD_PAYMENT,Current,2025-09-07 11:19:42,2025-09-07 11:19:42,Huracan Coffee,-24.16,0.00,EUR,COMPLETED,6949.81
CARD_PAYMENT,Current,2025-09-08 09:05:34,2025-09-08 09:05:34,Maxima LT,-38.31,0.00,EUR,COMPLETED,6911.50
CARD_PAYMENT,Current,2025-09-08 14:29:19,2025-09-08 14:29:19,Caif Cafe,-12.60,0.00,EUR,COMPLETED,6898.90
CARD_PAYMENT,Current,2025-09-09 08:06:30,2025-09-09 08:06:30,Apple.com/Bill,-9.99,0.00,EUR,COMPLETED,6888.91
CARD_PAYMENT,Current,2025-09-09 08:56:31,2025-09-09 08:56:31,Lidl Vilnius,-16.21,0.00,EUR,COMPLETED,6872.70
CARD_PAYMENT,Current,2025-09-10 17:14:36,2025-09-10 17:14:36,Maxima LT,-41.12,0.00,EUR,COMPLETED,6831.58
FEE,Current,2025-09-11 10:18:36,2025-09-11 10:18:36,Premium plan fee,-7.99,0.00,EUR,COMPLETED,6823.59
CARD_PAYMENT,Current,2025-09-13 16:46:52,2025-09-13 16:46:52,Maxima LT,-5.23,0.00,EUR,COMPLETED,6818.36
CARD_PAYMENT,Current,2025-09-13 10:21:34,2025-09-13 10:21:34,Pigu.lt,-60.86,0.00,EUR,COMPLETED,6757.50
CARD_PAYMENT,Current,2025-09-14 12:52:09,2025-09-14 12:52:09,Spotify P2C1A3B9F4,-11.99,0.00,EUR,COMPLETED,6745.51
CARD_PAYMENT,Current,2025-09-14 18:13:36,2025-09-14 18:13:36,Iki Express,-11.31,0.00,EUR,COMPLETED,6734.20
CARD_PAYMENT,Current,2025-09-15 18:05:29,2025-09-15 18:05:29,Huracan Coffee,-14.18,0.00,EUR,COMPLETED,6720.02
CARD_PAYMENT,Current,2025-09-16 10:56:43,2025-09-16 10:56:43,Rimi Hyper,-15.18,0.00,EUR,COMPLETED,6704.84
CARD_PAYMENT,Current,2025-09-16 19:20:54,2025-09-16 19:20:54,Bolt,-64.94,0.00,EUR,COMPLETED,6639.90
CARD_PAYMENT,Current,2025-09-17 11:02:33,2025-09-17 11:02:33,Pigu.lt,-37.49,0.00,EUR,COMPLETED,6602.41
CARD_PAYMENT,Current,2025-09-18 16:24:17,2025-09-18 16:24:17,Google *YouTube Premium,-11.99,0.00,EUR,COMPLETED,6590.42
CARD_PAYMENT,Current,2025-09-18 16:58:14,2025-09-18 16:58:14,Lidl Vilnius,-52.02,0.00,EUR,COMPLETED,6538.40
CARD_PAYMENT,Current,2025-09-19 18:55:31,2025-09-19 18:55:31,Rimi Hyper,-15.22,0.00,EUR,COMPLETED,6523.18
CARD_PAYMENT,Current,2025-09-19 17:07:56,2025-09-19 17:07:56,Wolt,-25.57,0.00,EUR,COMPLETED,6497.61
EXCHANGE,Current,2025-09-20 19:15:47,2025-09-20 19:15:47,Exchanged to USD,-50.00,0.00,EUR,COMPLETED,6447.61
CARD_PAYMENT,Current,2025-09-20 17:40:09,2025-09-20 17:40:09,Iki Express,-23.27,0.00,EUR,COMPLETED,6424.34
CARD_PAYMENT,Current,2025-09-20 13:06:55,2025-09-20 13:06:55,IKEA Vilnius,-61.51,0.00,EUR,COMPLETED,6362.83
CARD_PAYMENT,Current,2025-09-21 17:37:32,2025-09-21 17:37:32,Apple.com/Bill,-2.99,0.00,EUR,COMPLETED,6359.84
CARD_PAYMENT,Current,2025-09-21 18:31:39,2025-09-21 18:31:39,Maxima LT,-34.25,0.00,EUR,COMPLETED,6325.59
CARD_PAYMENT,Current,2025-09-22 16:59:04,2025-09-22 16:59:04,Rimi Hyper,-50.24,0.00,EUR,COMPLETED,6275.35
CARD_PAYMENT,Current,2025-09-23 14:23:52,2025-09-23 14:23:52,Wolt,-21.53,0.00,EUR,COMPLETED,6253.82
CARD_PAYMENT,Current,2025-09-24 08:18:52,2025-09-24 08:18:52,Amazon.de,-46.06,0.00,EUR,COMPLETED,6207.76
CARD_PAYMENT,Current,2025-09-25 13:34:58,2025-09-25 13:34:58,Telia Lietuva,-22.40,0.00,EUR,COMPLETED,6185.36
CARD_PAYMENT,Current,2025-09-26 16:08:30,2025-09-26 16:08:30,Rimi Hyper,-31.90,0.00,EUR,COMPLETED,6153.46
CARD_PAYMENT,Current,2025-09-26 11:53:56,2025-09-26 11:53:56,Bolt Food,-13.64,0.00,EUR,COMPLETED,6139.82
CARD_PAYMENT,Current,2025-09-26 13:09:44,2025-09-26 13:09:44,Amazon.de,-23.90,0.00,EUR,COMPLETED,6115.92
CARD_PAYMENT,Current,2025-09-27 09:46:03,2025-09-27 09:46:03,Iki Express,-17.91,0.00,EUR,COMPLETED,6098.01
CARD_PAYMENT,Current,2025-09-28 14:47:59,2025-09-28 14:47:59,Disney Plus,-8.99,0.00,EUR,COMPLETED,6089.02
CARD_PAYMENT,Current,2025-09-28 17:43:19,2025-09-28 17:43:19,Norfa,-25.57,0.00,EUR,COMPLETED,6063.45
CARD_PAYMENT,Current,2025-09-28 14:27:01,2025-09-28 14:27:01,Bolt,-64.62,0.00,EUR,COMPLETED,5998.83
CARD_PAYMENT,Current,2025-09-29 14:39:24,2025-09-29 14:39:24,Iki Express,-45.30,0.00,EUR,COMPLETED,5953.53
CARD_PAYMENT,Current,2025-09-29 13:37:02,2025-09-29 13:37:02,Bolt Food,-7.91,0.00,EUR,COMPLETED,5945.62
CARD_PAYMENT,Current,2025-09-29 16:06:47,2025-09-29 16:06:47,Steam Purchase,-21.72,0.00,EUR,COMPLETED,5923.90
CARD_PAYMENT,Current,2025-10-01 11:32:05,2025-10-01 11:32:05,Lemon Gym,-34.99,0.00,EUR,COMPLETED,5888.91
CARD_PAYMENT,Current,2025-10-01 17:30:35,2025-10-01 17:30:35,Patreon* Membership,-5.00,0.00,EUR,COMPLETED,5883.91
CARD_PAYMENT,Current,2025-10-01 11:29:18,2025-10-01 11:29:18,Maxima LT,-59.79,0.00,EUR,COMPLETED,5824.12
TOPUP,Current,2025-10-02 16:33:12,2025-10-02 16:33:12,Payment from Darbdavys UAB,2400.00,0.00,EUR,COMPLETED,8224.12
TRANSFER,Current,2025-10-03 12:21:12,2025-10-03 12:21:12,To Rent Landlord,-650.00,0.00,EUR,COMPLETED,7574.12
CARD_PAYMENT,Current,2025-10-03 12:13:01,2025-10-03 12:13:01,Iki Express,-12.89,0.00,EUR,COMPLETED,7561.23
CARD_PAYMENT,Current,2025-10-04 09:18:44,2025-10-04 09:18:44,Norfa,-45.20,0.00,EUR,COMPLETED,7516.03
CARD_PAYMENT,Current,2025-10-06 13:37:00,2025-10-06 13:37:00,Iki Express,-20.19,0.00,EUR,COMPLETED,7495.84
CARD_PAYMENT,Current,2025-10-07 17:09:44,2025-10-07 17:09:44,Netflix.com,-12.99,0.00,EUR,COMPLETED,7482.85
CARD_PAYMENT,Current,2025-10-07 17:37:45,2025-10-07 17:37:45,Huracan Coffee,-22.06,0.00,EUR,COMPLETED,7460.79
CARD_PAYMENT,Current,2025-10-08 09:36:37,2025-10-08 09:36:37,Maxima LT,-61.87,0.00,EUR,COMPLETED,7398.92
CARD_PAYMENT,Current,2025-10-08 12:11:40,2025-10-08 12:11:40,Caif Cafe,-9.85,0.00,EUR,COMPLETED,7389.07
CARD_PAYMENT,Current,2025-10-09 16:22:27,2025-10-09 16:22:27,Apple.com/Bill,-9.99,0.00,EUR,COMPLETED,7379.08
CARD_PAYMENT,Current,2025-10-09 17:43:58,2025-10-09 17:43:58,Lidl Vilnius,-33.51,0.00,EUR,COMPLETED,7345.57
CARD_PAYMENT,Current,2025-10-09 10:16:30,2025-10-09 10:16:30,Bolt Food,-27.47,0.00,EUR,COMPLETED,7318.10
CARD_PAYMENT,Current,2025-10-10 11:55:18,2025-10-10 11:55:18,Steam Purchase,-58.64,0.00,EUR,COMPLETED,7259.46
FEE,Current,2025-10-11 19:21:50,2025-10-11 19:21:50,Premium plan fee,-7.99,0.00,EUR,COMPLETED,7251.47
CARD_PAYMENT,Current,2025-10-11 16:26:42,2025-10-11 16:26:42,Rimi Hyper,-58.63,0.00,EUR,COMPLETED,7192.84
CARD_PAYMENT,Current,2025-10-12 08:57:48,2025-10-12 08:57:48,Norfa,-63.36,0.00,EUR,COMPLETED,7129.48
CARD_PAYMENT,Current,2025-10-12 17:46:31,2025-10-12 17:46:31,Bolt Food,-13.05,0.00,EUR,COMPLETED,7116.43
CARD_PAYMENT,Current,2025-10-13 09:30:19,2025-10-13 09:30:19,Rimi Hyper,-26.06,0.00,EUR,COMPLETED,7090.37
CARD_PAYMENT,Current,2025-10-13 08:57:59,2025-10-13 08:57:59,Huracan Coffee,-17.88,0.00,EUR,COMPLETED,7072.49
CARD_PAYMENT,Current,2025-10-14 16:56:19,2025-10-14 16:56:19,Spotify P2C1A3B9F4,-11.99,0.00,EUR,COMPLETED,7060.50
CARD_PAYMENT,Current,2025-10-15 08:33:25,2025-10-15 08:33:25,Wolt,-25.51,0.00,EUR,COMPLETED,7034.99
CARD_PAYMENT,Current,2025-10-18 09:52:58,2025-10-18 09:52:58,Google *YouTube Premium,-11.99,0.00,EUR,COMPLETED,7023.00
CARD_PAYMENT,Current,2025-10-18 19:36:20,2025-10-18 19:36:20,Lidl Vilnius,-56.65,0.00,EUR,COMPLETED,6966.35
EXCHANGE,Current,2025-10-20 19:54:59,2025-10-20 19:54:59,Exchanged to USD,-50.00,0.00,EUR,COMPLETED,6916.35
CARD_PAYMENT,Current,2025-10-20 14:47:26,2025-10-20 14:47:26,Iki Express,-30.02,0.00,EUR,COMPLETED,6886.33
CARD_PAYMENT,Current,2025-10-21 12:29:52,2025-10-21 12:29:52,Apple.com/Bill,-2.99,0.00,EUR,COMPLETED,6883.34
CARD_PAYMENT,Current,2025-10-21 10:50:34,2025-10-21 10:50:34,Lidl Vilnius,-42.48,0.00,EUR,COMPLETED,6840.86
CARD_PAYMENT,Current,2025-10-22 09:33:38,2025-10-22 09:33:38,Lidl Vilnius,-8.73,0.00,EUR,COMPLETED,6832.13
CARD_PAYMENT,Current,2025-10-23 13:27:08,2025-10-23 13:27:08,Lidl Vilnius,-33.57,0.00,EUR,COMPLETED,6798.56
CARD_PAYMENT,Current,2025-10-24 17:54:14,2025-10-24 17:54:14,Maxima LT,-47.38,0.00,EUR,COMPLETED,6751.18
CARD_PAYMENT,Current,2025-10-24 15:04:05,2025-10-24 15:04:05,Senukai,-71.25,0.00,EUR,COMPLETED,6679.93
CARD_PAYMENT,Current,2025-10-25 18:56:39,2025-10-25 18:56:39,Telia Lietuva,-19.90,0.00,EUR,COMPLETED,6660.03
CARD_PAYMENT,Current,2025-10-25 14:23:27,2025-10-25 14:23:27,Lidl Vilnius,-32.52,0.00,EUR,COMPLETED,6627.51
CARD_PAYMENT,Current,2025-10-25 08:33:14,2025-10-25 08:33:14,Hesburger,-6.57,0.00,EUR,COMPLETED,6620.94
CARD_PAYMENT,Current,2025-10-28 10:04:05,2025-10-28 10:04:05,Disney Plus,-8.99,0.00,EUR,COMPLETED,6611.95
CARD_PAYMENT,Current,2025-10-28 15:16:42,2025-10-28 15:16:42,Norfa,-15.39,0.00,EUR,COMPLETED,6596.56
CARD_PAYMENT,Current,2025-10-28 08:31:47,2025-10-28 08:31:47,Caif Cafe,-11.84,0.00,EUR,COMPLETED,6584.72
CARD_PAYMENT,Current,2025-10-29 14:08:46,2025-10-29 14:08:46,Maxima LT,-10.11,0.00,EUR,COMPLETED,6574.61
CARD_PAYMENT,Current,2025-10-30 19:13:42,2025-10-30 19:13:42,Rimi Hyper,-40.80,0.00,EUR,COMPLETED,6533.81
CARD_PAYMENT,Current,2025-11-01 18:26:50,2025-11-01 18:26:50,Lemon Gym,-34.99,0.00,EUR,COMPLETED,6498.82
CARD_PAYMENT,Current,2025-11-01 12:01:54,2025-11-01 12:01:54,Patreon* Membership,-5.00,0.00,EUR,COMPLETED,6493.82
CARD_PAYMENT,Current,2025-11-01 08:04:44,2025-11-01 08:04:44,Iki Express,-46.97,0.00,EUR,COMPLETED,6446.85
CARD_PAYMENT,Current,2025-11-01 10:04:35,2025-11-01 10:04:35,Bolt Food,-26.91,0.00,EUR,COMPLETED,6419.94
CARD_PAYMENT,Current,2025-11-01 11:19:58,2025-11-01 11:19:58,Apotheka,-48.58,0.00,EUR,COMPLETED,6371.36
TOPUP,Current,2025-11-02 15:02:55,2025-11-02 15:02:55,Payment from Darbdavys UAB,2400.00,0.00,EUR,COMPLETED,8771.36
CARD_PAYMENT,Current,2025-11-02 10:31:50,2025-11-02 10:31:50,Rimi Hyper,-47.55,0.00,EUR,COMPLETED,8723.81
CARD_PAYMENT,Current,2025-11-03 08:53:42,2025-11-03 08:53:42,OpenAI *ChatGPT Subscr,-22.99,0.00,EUR,COMPLETED,8700.82
TRANSFER,Current,2025-11-03 15:55:13,2025-11-03 15:55:13,To Rent Landlord,-650.00,0.00,EUR,COMPLETED,8050.82
CARD_PAYMENT,Current,2025-11-03 13:50:23,2025-11-03 13:50:23,Lidl Vilnius,-58.64,0.00,EUR,COMPLETED,7992.18
CARD_PAYMENT,Current,2025-11-03 17:57:29,2025-11-03 17:57:29,Vapiano,-20.15,0.00,EUR,COMPLETED,7972.03
CARD_PAYMENT,Current,2025-11-04 11:50:25,2025-11-04 11:50:25,Rimi Hyper,-54.76,0.00,EUR,COMPLETED,7917.27
CARD_PAYMENT,Current,2025-11-06 09:40:38,2025-11-06 09:40:38,Wolt,-6.55,0.00,EUR,COMPLETED,7910.72
CARD_PAYMENT,Current,2025-11-07 15:24:24,2025-11-07 15:24:24,Netflix.com,-12.99,0.00,EUR,COMPLETED,7897.73
CARD_PAYMENT,Current,2025-11-07 17:48:37,2025-11-07 17:48:37,Norfa,-33.91,0.00,EUR,COMPLETED,7863.82
CARD_PAYMENT,Current,2025-11-09 15:35:42,2025-11-09 15:35:42,Apple.com/Bill,-9.99,0.00,EUR,COMPLETED,7853.83
CARD_PAYMENT,Current,2025-11-09 10:31:31,2025-11-09 10:31:31,Maxima LT,-24.25,0.00,EUR,COMPLETED,7829.58
CARD_PAYMENT,Current,2025-11-09 08:33:22,2025-11-09 08:33:22,Steam Purchase,-28.62,0.00,EUR,COMPLETED,7800.96
CARD_PAYMENT,Current,2025-11-10 18:57:38,2025-11-10 18:57:38,Amazon.de,-57.75,0.00,EUR,COMPLETED,7743.21
FEE,Current,2025-11-11 08:53:43,2025-11-11 08:53:43,Premium plan fee,-7.99,0.00,EUR,COMPLETED,7735.22
CARD_PAYMENT,Current,2025-11-11 17:48:10,2025-11-11 17:48:10,Lidl Vilnius,-49.24,0.00,EUR,COMPLETED,7685.98
CARD_PAYMENT,Current,2025-11-13 13:36:45,2025-11-13 13:36:45,Maxima LT,-19.06,0.00,EUR,COMPLETED,7666.92
CARD_PAYMENT,Current,2025-11-13 17:00:24,2025-11-13 17:00:24,Huracan Coffee,-18.53,0.00,EUR,COMPLETED,7648.39
CARD_PAYMENT,Current,2025-11-14 18:45:30,2025-11-14 18:45:30,Spotify P2C1A3B9F4,-11.99,0.00,EUR,COMPLETED,7636.40
CARD_PAYMENT,Current,2025-11-14 10:43:46,2025-11-14 10:43:46,Caif Cafe,-22.14,0.00,EUR,COMPLETED,7614.26
CARD_PAYMENT,Current,2025-11-14 12:51:52,2025-11-14 12:51:52,Pigu.lt,-77.43,0.00,EUR,COMPLETED,7536.83
CARD_PAYMENT,Current,2025-11-16 18:40:14,2025-11-16 18:40:14,Maxima LT,-57.08,0.00,EUR,COMPLETED,7479.75
CARD_PAYMENT,Current,2025-11-16 09:17:45,2025-11-16 09:17:45,Huracan Coffee,-19.47,0.00,EUR,COMPLETED,7460.28
CARD_PAYMENT,Current,2025-11-17 17:03:53,2025-11-17 17:03:53,Norfa,-30.36,0.00,EUR,COMPLETED,7429.92
CARD_PAYMENT,Current,2025-11-18 11:14:45,2025-11-18 11:14:45,Google *YouTube Premium,-11.99,0.00,EUR,COMPLETED,7417.93
CARD_PAYMENT,Current,2025-11-18 09:36:24,2025-11-18 09:36:24,Maxima LT,-13.27,0.00,EUR,COMPLETED,7404.66
CARD_PAYMENT,Current,2025-11-18 16:02:03,2025-11-18 16:02:03,Amazon.de,-21.65,0.00,EUR,COMPLETED,7383.01
EXCHANGE,Current,2025-11-20 09:33:40,2025-11-20 09:33:40,Exchanged to USD,-50.00,0.00,EUR,COMPLETED,7333.01
CARD_PAYMENT,Current,2025-11-20 18:26:31,2025-11-20 18:26:31,Maxima LT,-63.04,0.00,EUR,COMPLETED,7269.97
CARD_PAYMENT,Current,2025-11-20 15:29:26,2025-11-20 15:29:26,Bolt Food,-22.03,0.00,EUR,COMPLETED,7247.94
CARD_PAYMENT,Current,2025-11-21 15:46:53,2025-11-21 15:46:53,Apple.com/Bill,-2.99,0.00,EUR,COMPLETED,7244.95
CARD_PAYMENT,Current,2025-11-21 14:00:42,2025-11-21 14:00:42,Iki Express,-13.23,0.00,EUR,COMPLETED,7231.72
CARD_PAYMENT,Current,2025-11-21 18:54:34,2025-11-21 18:54:34,Amazon.de,-10.46,0.00,EUR,COMPLETED,7221.26
CARD_PAYMENT,Current,2025-11-22 18:32:10,2025-11-22 18:32:10,Maxima LT,-6.14,0.00,EUR,COMPLETED,7215.12
CARD_PAYMENT,Current,2025-11-22 16:41:12,2025-11-22 16:41:12,Amazon.de,-37.91,0.00,EUR,COMPLETED,7177.21
CARD_PAYMENT,Current,2025-11-23 19:55:10,2025-11-23 19:55:10,Iki Express,-24.51,0.00,EUR,COMPLETED,7152.70
CARD_PAYMENT,Current,2025-11-23 19:35:01,2025-11-23 19:35:01,Bolt,-23.77,0.00,EUR,COMPLETED,7128.93
CARD_PAYMENT,Current,2025-11-24 08:11:32,2025-11-24 08:11:32,Huracan Coffee,-22.68,0.00,EUR,COMPLETED,7106.25
CARD_PAYMENT,Current,2025-11-24 09:49:36,2025-11-24 09:49:36,Senukai,-69.89,0.00,EUR,COMPLETED,7036.36
CARD_PAYMENT,Current,2025-11-25 14:23:50,2025-11-25 14:23:50,Telia Lietuva,-19.90,0.00,EUR,COMPLETED,7016.46
CARD_PAYMENT,Current,2025-11-25 13:29:53,2025-11-25 13:29:53,Rimi Hyper,-58.39,0.00,EUR,COMPLETED,6958.07
CARD_PAYMENT,Current,2025-11-25 08:05:29,2025-11-25 08:05:29,Caif Cafe,-21.52,0.00,EUR,COMPLETED,6936.55
CARD_PAYMENT,Current,2025-11-25 13:54:16,2025-11-25 13:54:16,Circle K,-3.56,0.00,EUR,COMPLETED,6932.99
CARD_PAYMENT,Current,2025-11-27 16:25:52,2025-11-27 16:25:52,Lidl Vilnius,-20.34,0.00,EUR,COMPLETED,6912.65
CARD_PAYMENT,Current,2025-11-28 09:17:49,2025-11-28 09:17:49,Disney Plus,-8.99,0.00,EUR,COMPLETED,6903.66
CARD_PAYMENT,Current,2025-11-29 11:30:23,2025-11-29 11:30:23,Iki Express,-53.89,0.00,EUR,COMPLETED,6849.77
CARD_PAYMENT,Current,2025-11-29 14:57:09,2025-11-29 14:57:09,Huracan Coffee,-8.02,0.00,EUR,COMPLETED,6841.75
CARD_PAYMENT,Current,2025-11-30 15:09:35,2025-11-30 15:09:35,Hesburger,-19.81,0.00,EUR,COMPLETED,6821.94
CARD_PAYMENT,Current,2025-11-30 17:39:39,2025-11-30 17:39:39,Amazon.de,-8.05,0.00,EUR,COMPLETED,6813.89
CARD_PAYMENT,Current,2025-12-01 14:34:57,2025-12-01 14:34:57,Lemon Gym,-34.99,0.00,EUR,COMPLETED,6778.90
CARD_PAYMENT,Current,2025-12-01 11:27:20,2025-12-01 11:27:20,Patreon* Membership,-5.00,0.00,EUR,COMPLETED,6773.90
CARD_PAYMENT,Current,2025-12-01 16:19:39,2025-12-01 16:19:39,Rimi Hyper,-35.91,0.00,EUR,COMPLETED,6737.99
CARD_PAYMENT,Current,2025-12-02 10:54:04,2025-12-02 10:54:04,JetBrains Americas,-99.00,0.00,EUR,COMPLETED,6638.99
TOPUP,Current,2025-12-02 09:23:28,2025-12-02 09:23:28,Payment from Darbdavys UAB,2400.00,0.00,EUR,COMPLETED,9038.99
CARD_PAYMENT,Current,2025-12-02 19:55:06,2025-12-02 19:55:06,Wolt,-5.41,0.00,EUR,COMPLETED,9033.58
CARD_PAYMENT,Current,2025-12-02 12:02:14,2025-12-02 12:02:14,Steam Purchase,-81.46,0.00,EUR,COMPLETED,8952.12
CARD_PAYMENT,Current,2025-12-03 18:11:54,2025-12-03 18:11:54,OpenAI *ChatGPT Subscr,-22.99,0.00,EUR,COMPLETED,8929.13
TRANSFER,Current,2025-12-03 19:40:58,2025-12-03 19:40:58,To Rent Landlord,-650.00,0.00,EUR,COMPLETED,8279.13
CARD_PAYMENT,Current,2025-12-04 19:06:34,2025-12-04 19:06:34,Hesburger,-11.78,0.00,EUR,COMPLETED,8267.35
CARD_PAYMENT,Current,2025-12-05 19:58:20,2025-12-05 19:58:20,Huracan Coffee,-18.56,0.00,EUR,COMPLETED,8248.79
CARD_PAYMENT,Current,2025-12-06 08:28:02,2025-12-06 08:28:02,Hesburger,-18.40,0.00,EUR,COMPLETED,8230.39
CARD_PAYMENT,Current,2025-12-07 18:12:27,2025-12-07 18:12:27,Netflix.com,-12.99,0.00,EUR,COMPLETED,8217.40
CARD_PAYMENT,Current,2025-12-07 08:06:42,2025-12-07 08:06:42,Norfa,-13.60,0.00,EUR,COMPLETED,8203.80
CARD_PAYMENT,Current,2025-12-07 09:11:59,2025-12-07 09:11:59,Huracan Coffee,-19.94,0.00,EUR,COMPLETED,8183.86
CARD_PAYMENT,Current,2025-12-09 12:44:01,2025-12-09 12:44:01,Apple.com/Bill,-9.99,0.00,EUR,COMPLETED,8173.87
CARD_PAYMENT,Current,2025-12-09 18:51:26,2025-12-09 18:51:26,Rimi Hyper,-49.73,0.00,EUR,COMPLETED,8124.14
CARD_PAYMENT,Current,2025-12-09 17:20:06,2025-12-09 17:20:06,Caif Cafe,-18.48,0.00,EUR,COMPLETED,8105.66
CARD_PAYMENT,Current,2025-12-10 19:24:23,2025-12-10 19:24:23,Pigu.lt,-74.36,0.00,EUR,COMPLETED,8031.30
FEE,Current,2025-12-11 13:28:40,2025-12-11 13:28:40,Premium plan fee,-7.99,0.00,EUR,COMPLETED,8023.31
CARD_PAYMENT,Current,2025-12-11 18:33:23,2025-12-11 18:33:23,Norfa,-41.45,0.00,EUR,COMPLETED,7981.86
CARD_PAYMENT,Current,2025-12-11 15:52:58,2025-12-11 15:52:58,Circle K,-23.36,0.00,EUR,COMPLETED,7958.50
CARD_PAYMENT,Current,2025-12-12 17:19:54,2025-12-12 17:19:54,Lidl Vilnius,-51.91,0.00,EUR,COMPLETED,7906.59
CARD_PAYMENT,Current,2025-12-13 09:09:19,2025-12-13 09:09:19,Lidl Vilnius,-59.16,0.00,EUR,COMPLETED,7847.43
CARD_PAYMENT,Current,2025-12-13 16:24:52,2025-12-13 16:24:52,Apotheka,-69.11,0.00,EUR,COMPLETED,7778.32
CARD_PAYMENT,Current,2025-12-14 14:55:54,2025-12-14 14:55:54,Spotify P2C1A3B9F4,-11.99,0.00,EUR,COMPLETED,7766.33
CARD_PAYMENT,Current,2025-12-16 13:23:39,2025-12-16 13:23:39,Wolt+ subscription,-5.99,0.00,EUR,COMPLETED,7760.34
CARD_PAYMENT,Current,2025-12-16 15:17:37,2025-12-16 15:17:37,Wolt,-16.45,0.00,EUR,COMPLETED,7743.89
CARD_PAYMENT,Current,2025-12-16 17:08:24,2025-12-16 17:08:24,Apotheka,-46.05,0.00,EUR,COMPLETED,7697.84
CARD_PAYMENT,Current,2025-12-18 16:02:43,2025-12-18 16:02:43,Google *YouTube Premium,-11.99,0.00,EUR,COMPLETED,7685.85
CARD_PAYMENT,Current,2025-12-18 09:06:00,2025-12-18 09:06:00,Wolt,-16.88,0.00,EUR,COMPLETED,7668.97
CARD_PAYMENT,Current,2025-12-19 14:25:52,2025-12-19 14:25:52,Pigu.lt,-58.38,0.00,EUR,COMPLETED,7610.59
EXCHANGE,Current,2025-12-20 19:20:15,2025-12-20 19:20:15,Exchanged to USD,-50.00,0.00,EUR,COMPLETED,7560.59
CARD_PAYMENT,Current,2025-12-20 17:44:22,2025-12-20 17:44:22,Lidl Vilnius,-28.88,0.00,EUR,COMPLETED,7531.71
CARD_PAYMENT,Current,2025-12-21 10:41:15,2025-12-21 10:41:15,Apple.com/Bill,-2.99,0.00,EUR,COMPLETED,7528.72
CARD_PAYMENT,Current,2025-12-21 14:01:26,2025-12-21 14:01:26,Iki Express,-54.69,0.00,EUR,COMPLETED,7474.03
CARD_PAYMENT,Current,2025-12-21 11:14:01,2025-12-21 11:14:01,Wolt,-8.12,0.00,EUR,COMPLETED,7465.91
CARD_PAYMENT,Current,2025-12-21 12:24:22,2025-12-21 12:24:22,Steam Purchase,-22.23,0.00,EUR,COMPLETED,7443.68
CARD_PAYMENT,Current,2025-12-22 13:49:21,2025-12-22 13:49:21,Hesburger,-22.33,0.00,EUR,COMPLETED,7421.35
CARD_PAYMENT,Current,2025-12-23 19:07:38,2025-12-23 19:07:38,Iki Express,-36.17,0.00,EUR,COMPLETED,7385.18
CARD_PAYMENT,Current,2025-12-23 12:05:17,2025-12-23 12:05:17,Wolt,-17.93,0.00,EUR,COMPLETED,7367.25
CARD_PAYMENT,Current,2025-12-24 13:35:48,2025-12-24 13:35:48,Iki Express,-31.98,0.00,EUR,COMPLETED,7335.27
CARD_PAYMENT,Current,2025-12-25 08:40:24,2025-12-25 08:40:24,Telia Lietuva,-19.90,0.00,EUR,COMPLETED,7315.37
CARD_PAYMENT,Current,2025-12-25 18:09:10,2025-12-25 18:09:10,Lidl Vilnius,-8.15,0.00,EUR,COMPLETED,7307.22
CARD_PAYMENT,Current,2025-12-25 19:08:59,2025-12-25 19:08:59,IKEA Vilnius,-55.20,0.00,EUR,COMPLETED,7252.02
CARD_PAYMENT,Current,2025-12-26 17:20:26,2025-12-26 17:20:26,Maxima LT,-42.25,0.00,EUR,COMPLETED,7209.77
CARD_PAYMENT,Current,2025-12-26 17:27:16,2025-12-26 17:27:16,Vapiano,-13.26,0.00,EUR,COMPLETED,7196.51
CARD_PAYMENT,Current,2025-12-27 11:30:01,2025-12-27 11:30:01,Iki Express,-25.16,0.00,EUR,COMPLETED,7171.35
CARD_PAYMENT,Current,2025-12-27 12:04:17,2025-12-27 12:04:17,Steam Purchase,-63.29,0.00,EUR,COMPLETED,7108.06
CARD_PAYMENT,Current,2025-12-28 17:57:35,2025-12-28 17:57:35,Disney Plus,-8.99,0.00,EUR,COMPLETED,7099.07
CARD_PAYMENT,Current,2025-12-29 18:16:28,2025-12-29 18:16:28,Iki Express,-43.10,0.00,EUR,COMPLETED,7055.97
CARD_PAYMENT,Current,2025-12-30 12:29:17,2025-12-30 12:29:17,Huracan Coffee,-23.19,0.00,EUR,COMPLETED,7032.78
CARD_PAYMENT,Current,2025-12-30 14:15:44,2025-12-30 14:15:44,Senukai,-80.41,0.00,EUR,COMPLETED,6952.37
CARD_PAYMENT,Current,2026-01-01 16:24:59,2026-01-01 16:24:59,Lemon Gym,-34.99,0.00,EUR,COMPLETED,6917.38
CARD_PAYMENT,Current,2026-01-01 12:56:31,2026-01-01 12:56:31,Patreon* Membership,-5.00,0.00,EUR,COMPLETED,6912.38
CARD_PAYMENT,Current,2026-01-01 17:00:36,2026-01-01 17:00:36,Maxima LT,-6.69,0.00,EUR,COMPLETED,6905.69
CARD_PAYMENT,Current,2026-01-01 09:02:36,2026-01-01 09:02:36,Senukai,-14.30,0.00,EUR,COMPLETED,6891.39
TOPUP,Current,2026-01-02 17:04:21,2026-01-02 17:04:21,Payment from Darbdavys UAB,2400.00,0.00,EUR,COMPLETED,9291.39
CARD_PAYMENT,Current,2026-01-02 12:06:54,2026-01-02 12:06:54,Norfa,-20.48,0.00,EUR,COMPLETED,9270.91
CARD_PAYMENT,Current,2026-01-02 12:50:50,2026-01-02 12:50:50,Wolt,-6.07,0.00,EUR,COMPLETED,9264.84
CARD_PAYMENT,Current,2026-01-02 08:12:14,2026-01-02 08:12:14,Bolt,-14.57,0.00,EUR,COMPLETED,9250.27
CARD_PAYMENT,Current,2026-01-03 18:05:54,2026-01-03 18:05:54,OpenAI *ChatGPT Subscr,-22.99,0.00,EUR,COMPLETED,9227.28
TRANSFER,Current,2026-01-03 15:48:41,2026-01-03 15:48:41,To Rent Landlord,-650.00,0.00,EUR,COMPLETED,8577.28
CARD_PAYMENT,Current,2026-01-03 12:31:20,2026-01-03 12:31:20,Rimi Hyper,-20.95,0.00,EUR,COMPLETED,8556.33
CARD_PAYMENT,Current,2026-01-03 09:10:43,2026-01-03 09:10:43,Apotheka,-5.56,0.00,EUR,COMPLETED,8550.77
CARD_PAYMENT,Current,2026-01-04 15:48:44,2026-01-04 15:48:44,Hesburger,-4.81,0.00,EUR,COMPLETED,8545.96
CARD_PAYMENT,Current,2026-01-05 16:11:22,2026-01-05 16:11:22,Amazon.de,-11.73,0.00,EUR,COMPLETED,8534.23
CARD_PAYMENT,Current,2026-01-07 13:13:59,2026-01-07 13:13:59,Netflix.com,-12.99,0.00,EUR,COMPLETED,8521.24
CARD_PAYMENT,Current,2026-01-07 16:34:41,2026-01-07 16:34:41,Rimi Hyper,-41.55,0.00,EUR,COMPLETED,8479.69
CARD_PAYMENT,Current,2026-01-08 09:34:50,2026-01-08 09:34:50,Norfa,-58.82,0.00,EUR,COMPLETED,8420.87
CARD_PAYMENT,Current,2026-01-08 08:13:26,2026-01-08 08:13:26,Apotheka,-81.57,0.00,EUR,COMPLETED,8339.30
CARD_PAYMENT,Current,2026-01-09 19:01:50,2026-01-09 19:01:50,Apple.com/Bill,-9.99,0.00,EUR,COMPLETED,8329.31
CARD_PAYMENT,Current,2026-01-10 14:09:41,2026-01-10 14:09:41,Norfa,-43.26,0.00,EUR,COMPLETED,8286.05
CARD_PAYMENT,Current,2026-01-10 14:45:09,2026-01-10 14:45:09,Bolt Food,-16.54,0.00,EUR,COMPLETED,8269.51
FEE,Current,2026-01-11 19:37:51,2026-01-11 19:37:51,Premium plan fee,-7.99,0.00,EUR,COMPLETED,8261.52
CARD_PAYMENT,Current,2026-01-11 15:35:50,2026-01-11 15:35:50,Rimi Hyper,-39.90,0.00,EUR,COMPLETED,8221.62
CARD_PAYMENT,Current,2026-01-12 14:31:29,2026-01-12 14:31:29,Bolt Food,-16.24,0.00,EUR,COMPLETED,8205.38
CARD_PAYMENT,Current,2026-01-13 18:33:05,2026-01-13 18:33:05,Norfa,-62.47,0.00,EUR,COMPLETED,8142.91
CARD_PAYMENT,Current,2026-01-13 15:07:05,2026-01-13 15:07:05,Amazon.de,-69.63,0.00,EUR,COMPLETED,8073.28
CARD_PAYMENT,Current,2026-01-14 13:56:12,2026-01-14 13:56:12,Spotify P2C1A3B9F4,-11.99,0.00,EUR,COMPLETED,8061.29
CARD_PAYMENT,Current,2026-01-14 08:48:21,2026-01-14 08:48:21,Lidl Vilnius,-25.39,0.00,EUR,COMPLETED,8035.90
CARD_PAYMENT,Current,2026-01-15 09:20:14,2026-01-15 09:20:14,Iki Express,-60.56,0.00,EUR,COMPLETED,7975.34
CARD_PAYMENT,Current,2026-01-16 19:53:57,2026-01-16 19:53:57,Wolt+ subscription,-5.99,0.00,EUR,COMPLETED,7969.35
CARD_PAYMENT,Current,2026-01-16 08:09:31,2026-01-16 08:09:31,Amazon.de,-65.29,0.00,EUR,COMPLETED,7904.06
CARD_PAYMENT,Current,2026-01-17 12:16:00,2026-01-17 12:16:00,Norfa,-49.08,0.00,EUR,COMPLETED,7854.98
CARD_PAYMENT,Current,2026-01-18 12:09:15,2026-01-18 12:09:15,Google *YouTube Premium,-11.99,0.00,EUR,COMPLETED,7842.99
CARD_PAYMENT,Current,2026-01-18 11:53:57,2026-01-18 11:53:57,Norfa,-16.16,0.00,EUR,COMPLETED,7826.83
CARD_PAYMENT,Current,2026-01-18 16:55:05,2026-01-18 16:55:05,Hesburger,-21.01,0.00,EUR,COMPLETED,7805.82
CARD_PAYMENT,Current,2026-01-18 17:48:02,2026-01-18 17:48:02,Pigu.lt,-27.98,0.00,EUR,COMPLETED,7777.84
EXCHANGE,Current,2026-01-20 15:01:12,2026-01-20 15:01:12,Exchanged to USD,-50.00,0.00,EUR,COMPLETED,7727.84
CARD_PAYMENT,Current,2026-01-20 10:15:02,2026-01-20 10:15:02,Huracan Coffee,-15.34,0.00,EUR,COMPLETED,7712.50
CARD_PAYMENT,Current,2026-01-21 13:18:45,2026-01-21 13:18:45,Apple.com/Bill,-2.99,0.00,EUR,COMPLETED,7709.51
CARD_PAYMENT,Current,2026-01-21 11:20:43,2026-01-21 11:20:43,Rimi Hyper,-39.36,0.00,EUR,COMPLETED,7670.15
CARD_PAYMENT,Current,2026-01-22 18:52:42,2026-01-22 18:52:42,Bolt Food,-7.42,0.00,EUR,COMPLETED,7662.73
CARD_PAYMENT,Current,2026-01-23 15:11:59,2026-01-23 15:11:59,Norfa,-48.53,0.00,EUR,COMPLETED,7614.20
CARD_PAYMENT,Current,2026-01-23 19:19:57,2026-01-23 19:19:57,Caif Cafe,-9.56,0.00,EUR,COMPLETED,7604.64
CARD_PAYMENT,Current,2026-01-24 15:01:44,2026-01-24 15:01:44,IKEA Vilnius,-3.55,0.00,EUR,COMPLETED,7601.09
CARD_PAYMENT,Current,2026-01-25 10:30:55,2026-01-25 10:30:55,Telia Lietuva,-19.90,0.00,EUR,COMPLETED,7581.19
CARD_PAYMENT,Current,2026-01-25 13:39:42,2026-01-25 13:39:42,Iki Express,-54.92,0.00,EUR,COMPLETED,7526.27
CARD_PAYMENT,Current,2026-01-26 16:00:31,2026-01-26 16:00:31,Maxima LT,-48.26,0.00,EUR,COMPLETED,7478.01
CARD_PAYMENT,Current,2026-01-26 10:32:02,2026-01-26 10:32:02,Wolt,-10.09,0.00,EUR,COMPLETED,7467.92
CARD_PAYMENT,Current,2026-01-27 18:37:51,2026-01-27 18:37:51,Rimi Hyper,-62.71,0.00,EUR,COMPLETED,7405.21
CARD_PAYMENT,Current,2026-01-28 19:12:22,2026-01-28 19:12:22,Disney Plus,-8.99,0.00,EUR,COMPLETED,7396.22
CARD_PAYMENT,Current,2026-01-28 16:08:49,2026-01-28 16:08:49,Hesburger,-17.76,0.00,EUR,COMPLETED,7378.46
CARD_PAYMENT,Current,2026-01-30 15:45:01,2026-01-30 15:45:01,Maxima LT,-48.56,0.00,EUR,COMPLETED,7329.90
CARD_PAYMENT,Current,2026-02-01 13:03:52,2026-02-01 13:03:52,Lemon Gym,-34.99,0.00,EUR,COMPLETED,7294.91
CARD_PAYMENT,Current,2026-02-01 19:40:02,2026-02-01 19:40:02,Patreon* Membership,-5.00,0.00,EUR,COMPLETED,7289.91
CARD_PAYMENT,Current,2026-02-01 14:49:08,2026-02-01 14:49:08,Norfa,-6.44,0.00,EUR,COMPLETED,7283.47
CARD_PAYMENT,Current,2026-02-01 09:56:39,2026-02-01 09:56:39,Caif Cafe,-5.19,0.00,EUR,COMPLETED,7278.28
TOPUP,Current,2026-02-02 13:45:13,2026-02-02 13:45:13,Payment from Darbdavys UAB,2400.00,0.00,EUR,COMPLETED,9678.28
CARD_PAYMENT,Current,2026-02-03 11:08:10,2026-02-03 11:08:10,OpenAI *ChatGPT Subscr,-22.99,0.00,EUR,COMPLETED,9655.29
TRANSFER,Current,2026-02-03 17:33:15,2026-02-03 17:33:15,To Rent Landlord,-650.00,0.00,EUR,COMPLETED,9005.29
CARD_PAYMENT,Current,2026-02-03 17:47:20,2026-02-03 17:47:20,Rimi Hyper,-16.01,0.00,EUR,COMPLETED,8989.28
CARD_PAYMENT,Current,2026-02-03 14:51:55,2026-02-03 14:51:55,Steam Purchase,-37.78,0.00,EUR,COMPLETED,8951.50
CARD_PAYMENT,Current,2026-02-04 19:03:12,2026-02-04 19:03:12,Lidl Vilnius,-37.89,0.00,EUR,COMPLETED,8913.61
CARD_PAYMENT,Current,2026-02-04 08:28:44,2026-02-04 08:28:44,Amazon.de,-81.45,0.00,EUR,COMPLETED,8832.16
CARD_PAYMENT,Current,2026-02-05 17:28:27,2026-02-05 17:28:27,Iki Express,-12.93,0.00,EUR,COMPLETED,8819.23
CARD_PAYMENT,Current,2026-02-05 12:18:24,2026-02-05 12:18:24,Vapiano,-5.58,0.00,EUR,COMPLETED,8813.65
CARD_PAYMENT,Current,2026-02-06 08:00:09,2026-02-06 08:00:09,Wolt,-21.93,0.00,EUR,COMPLETED,8791.72
CARD_PAYMENT,Current,2026-02-07 14:01:34,2026-02-07 14:01:34,Netflix.com,-15.99,0.00,EUR,COMPLETED,8775.73
CARD_PAYMENT,Current,2026-02-07 19:09:00,2026-02-07 19:09:00,Wolt,-27.24,0.00,EUR,COMPLETED,8748.49
CARD_PAYMENT,Current,2026-02-09 12:28:49,2026-02-09 12:28:49,Apple.com/Bill,-9.99,0.00,EUR,COMPLETED,8738.50
CARD_PAYMENT,Current,2026-02-09 11:27:52,2026-02-09 11:27:52,Lidl Vilnius,-30.82,0.00,EUR,COMPLETED,8707.68
CARD_PAYMENT,Current,2026-02-10 19:00:50,2026-02-10 19:00:50,Norfa,-57.50,0.00,EUR,COMPLETED,8650.18
FEE,Current,2026-02-11 14:32:58,2026-02-11 14:32:58,Premium plan fee,-7.99,0.00,EUR,COMPLETED,8642.19
CARD_PAYMENT,Current,2026-02-11 08:07:44,2026-02-11 08:07:44,Bolt Food,-7.53,0.00,EUR,COMPLETED,8634.66
CARD_PAYMENT,Current,2026-02-11 13:49:28,2026-02-11 13:49:28,Steam Purchase,-35.97,0.00,EUR,COMPLETED,8598.69
CARD_PAYMENT,Current,2026-02-12 16:58:35,2026-02-12 16:58:35,Rimi Hyper,-16.76,0.00,EUR,COMPLETED,8581.93
CARD_PAYMENT,Current,2026-02-13 13:52:44,2026-02-13 13:52:44,Iki Express,-43.11,0.00,EUR,COMPLETED,8538.82
CARD_PAYMENT,Current,2026-02-14 08:17:40,2026-02-14 08:17:40,Spotify P2C1A3B9F4,-11.99,0.00,EUR,COMPLETED,8526.83
CARD_PAYMENT,Current,2026-02-16 09:23:51,2026-02-16 09:23:51,Wolt+ subscription,-5.99,0.00,EUR,COMPLETED,8520.84
CARD_PAYMENT,Current,2026-02-17 15:24:28,2026-02-17 15:24:28,Norfa,-47.85,0.00,EUR,COMPLETED,8472.99
CARD_PAYMENT,Current,2026-02-17 13:09:27,2026-02-17 13:09:27,Huracan Coffee,-23.85,0.00,EUR,COMPLETED,8449.14
CARD_PAYMENT,Current,2026-02-18 09:09:51,2026-02-18 09:09:51,Google *YouTube Premium,-11.99,0.00,EUR,COMPLETED,8437.15
CARD_PAYMENT,Current,2026-02-18 13:01:37,2026-02-18 13:01:37,Maxima LT,-10.11,0.00,EUR,COMPLETED,8427.04
CARD_PAYMENT,Current,2026-02-19 10:59:24,2026-02-19 10:59:24,Hesburger,-28.20,0.00,EUR,COMPLETED,8398.84
EXCHANGE,Current,2026-02-20 15:23:38,2026-02-20 15:23:38,Exchanged to USD,-50.00,0.00,EUR,COMPLETED,8348.84
CARD_PAYMENT,Current,2026-02-20 19:03:59,2026-02-20 19:03:59,Maxima LT,-41.92,0.00,EUR,COMPLETED,8306.92
CARD_PAYMENT,Current,2026-02-20 09:40:43,2026-02-20 09:40:43,Wolt,-24.33,0.00,EUR,COMPLETED,8282.59
CARD_PAYMENT,Current,2026-02-21 09:58:26,2026-02-21 09:58:26,Apple.com/Bill,-2.99,0.00,EUR,COMPLETED,8279.60
CARD_PAYMENT,Current,2026-02-21 15:16:28,2026-02-21 15:16:28,Norfa,-16.45,0.00,EUR,COMPLETED,8263.15
CARD_PAYMENT,Current,2026-02-22 12:50:59,2026-02-22 12:50:59,Norfa,-42.24,0.00,EUR,COMPLETED,8220.91
CARD_PAYMENT,Current,2026-02-22 09:14:22,2026-02-22 09:14:22,Huracan Coffee,-22.73,0.00,EUR,COMPLETED,8198.18
CARD_PAYMENT,Current,2026-02-22 17:36:43,2026-02-22 17:36:43,Steam Purchase,-65.50,0.00,EUR,COMPLETED,8132.68
CARD_PAYMENT,Current,2026-02-23 10:48:53,2026-02-23 10:48:53,Wolt,-22.12,0.00,EUR,COMPLETED,8110.56
CARD_PAYMENT,Current,2026-02-25 08:35:49,2026-02-25 08:35:49,Telia Lietuva,-19.90,0.00,EUR,COMPLETED,8090.66
CARD_PAYMENT,Current,2026-02-26 17:04:31,2026-02-26 17:04:31,Iki Express,-44.86,0.00,EUR,COMPLETED,8045.80
CARD_PAYMENT,Current,2026-02-27 17:00:59,2026-02-27 17:00:59,Huracan Coffee,-23.06,0.00,EUR,COMPLETED,8022.74
CARD_PAYMENT,Current,2026-03-01 14:30:01,2026-03-01 14:30:01,Lemon Gym,-34.99,0.00,EUR,COMPLETED,7987.75
CARD_PAYMENT,Current,2026-03-01 15:23:10,2026-03-01 15:23:10,Patreon* Membership,-5.00,0.00,EUR,COMPLETED,7982.75
CARD_PAYMENT,Current,2026-03-01 14:22:40,2026-03-01 14:22:40,Rimi Hyper,-41.99,0.00,EUR,COMPLETED,7940.76
CARD_PAYMENT,Current,2026-03-01 12:42:20,2026-03-01 12:42:20,Vapiano,-23.46,0.00,EUR,COMPLETED,7917.30
TOPUP,Current,2026-03-02 17:05:54,2026-03-02 17:05:54,Payment from Darbdavys UAB,2400.00,0.00,EUR,COMPLETED,10317.30
CARD_PAYMENT,Current,2026-03-03 18:22:27,2026-03-03 18:22:27,OpenAI *ChatGPT Subscr,-22.99,0.00,EUR,COMPLETED,10294.31
TRANSFER,Current,2026-03-03 18:15:35,2026-03-03 18:15:35,To Rent Landlord,-650.00,0.00,EUR,COMPLETED,9644.31
CARD_PAYMENT,Current,2026-03-03 19:17:45,2026-03-03 19:17:45,Maxima LT,-15.79,0.00,EUR,COMPLETED,9628.52
CARD_PAYMENT,Current,2026-03-04 12:05:19,2026-03-04 12:05:19,Rimi Hyper,-35.61,0.00,EUR,COMPLETED,9592.91
CARD_PAYMENT,Current,2026-03-04 09:23:12,2026-03-04 09:23:12,Caif Cafe,-18.55,0.00,EUR,COMPLETED,9574.36
CARD_PAYMENT,Current,2026-03-05 17:00:47,2026-03-05 17:00:47,Maxima LT,-6.08,0.00,EUR,COMPLETED,9568.28
CARD_PAYMENT,Current,2026-03-05 18:21:03,2026-03-05 18:21:03,Vapiano,-27.34,0.00,EUR,COMPLETED,9540.94
CARD_PAYMENT,Current,2026-03-07 19:49:10,2026-03-07 19:49:10,Netflix.com,-15.99,0.00,EUR,COMPLETED,9524.95
CARD_PAYMENT,Current,2026-03-07 19:17:08,2026-03-07 19:17:08,Rimi Hyper,-37.02,0.00,EUR,COMPLETED,9487.93
CARD_PAYMENT,Current,2026-03-09 12:08:18,2026-03-09 12:08:18,Apple.com/Bill,-9.99,0.00,EUR,COMPLETED,9477.94
CARD_PAYMENT,Current,2026-03-09 19:58:00,2026-03-09 19:58:00,Lidl Vilnius,-11.22,0.00,EUR,COMPLETED,9466.72
CARD_PAYMENT,Current,2026-03-10 13:16:02,2026-03-10 13:16:02,Iki Express,-49.50,0.00,EUR,COMPLETED,9417.22
FEE,Current,2026-03-11 14:11:22,2026-03-11 14:11:22,Premium plan fee,-7.99,0.00,EUR,COMPLETED,9409.23
CARD_PAYMENT,Current,2026-03-12 12:02:22,2026-03-12 12:02:22,Maxima LT,-23.58,0.00,EUR,COMPLETED,9385.65
CARD_PAYMENT,Current,2026-03-12 19:20:48,2026-03-12 19:20:48,Vapiano,-10.86,0.00,EUR,COMPLETED,9374.79
CARD_PAYMENT,Current,2026-03-13 11:03:26,2026-03-13 11:03:26,Iki Express,-5.56,0.00,EUR,COMPLETED,9369.23
CARD_PAYMENT,Current,2026-03-13 15:29:25,2026-03-13 15:29:25,Vapiano,-23.79,0.00,EUR,COMPLETED,9345.44
CARD_PAYMENT,Current,2026-03-14 11:26:02,2026-03-14 11:26:02,Spotify P2C1A3B9F4,-11.99,0.00,EUR,COMPLETED,9333.45
CARD_PAYMENT,Current,2026-03-14 16:08:14,2026-03-14 16:08:14,Iki Express,-26.08,0.00,EUR,COMPLETED,9307.37
CARD_PAYMENT,Current,2026-03-14 17:44:10,2026-03-14 17:44:10,Bolt,-31.89,0.00,EUR,COMPLETED,9275.48
CARD_PAYMENT,Current,2026-03-15 19:34:06,2026-03-15 19:34:06,Iki Express,-46.45,0.00,EUR,COMPLETED,9229.03
CARD_PAYMENT,Current,2026-03-16 16:47:40,2026-03-16 16:47:40,Wolt+ subscription,-5.99,0.00,EUR,COMPLETED,9223.04
CARD_PAYMENT,Current,2026-03-16 08:09:08,2026-03-16 08:09:08,Maxima LT,-12.38,0.00,EUR,COMPLETED,9210.66
CARD_PAYMENT,Current,2026-03-16 18:45:43,2026-03-16 18:45:43,Bolt Food,-15.59,0.00,EUR,COMPLETED,9195.07
CARD_PAYMENT,Current,2026-03-17 16:13:28,2026-03-17 16:13:28,Caif Cafe,-8.36,0.00,EUR,COMPLETED,9186.71
CARD_PAYMENT,Current,2026-03-18 16:38:06,2026-03-18 16:38:06,Google *YouTube Premium,-11.99,0.00,EUR,COMPLETED,9174.72
CARD_PAYMENT,Current,2026-03-18 10:47:03,2026-03-18 10:47:03,Iki Express,-10.42,0.00,EUR,COMPLETED,9164.30
CARD_PAYMENT,Current,2026-03-18 11:53:29,2026-03-18 11:53:29,Bolt Food,-7.30,0.00,EUR,COMPLETED,9157.00
EXCHANGE,Current,2026-03-20 18:22:21,2026-03-20 18:22:21,Exchanged to USD,-50.00,0.00,EUR,COMPLETED,9107.00
CARD_PAYMENT,Current,2026-03-20 15:15:44,2026-03-20 15:15:44,Maxima LT,-61.89,0.00,EUR,COMPLETED,9045.11
CARD_PAYMENT,Current,2026-03-21 13:39:04,2026-03-21 13:39:04,Apple.com/Bill,-2.99,0.00,EUR,COMPLETED,9042.12
CARD_PAYMENT,Current,2026-03-21 13:11:37,2026-03-21 13:11:37,Norfa,-22.89,0.00,EUR,COMPLETED,9019.23
CARD_PAYMENT,Current,2026-03-21 17:43:08,2026-03-21 17:43:08,Amazon.de,-16.11,0.00,EUR,COMPLETED,9003.12
CARD_PAYMENT,Current,2026-03-23 19:11:47,2026-03-23 19:11:47,Circle K,-13.47,0.00,EUR,COMPLETED,8989.65
CARD_PAYMENT,Current,2026-03-24 17:31:24,2026-03-24 17:31:24,Huracan Coffee,-21.79,0.00,EUR,COMPLETED,8967.86
CARD_PAYMENT,Current,2026-03-25 08:39:24,2026-03-25 08:39:24,Telia Lietuva,-19.90,0.00,EUR,COMPLETED,8947.96
CARD_PAYMENT,Current,2026-03-25 11:10:50,2026-03-25 11:10:50,Rimi Hyper,-28.36,0.00,EUR,COMPLETED,8919.60
CARD_PAYMENT,Current,2026-03-26 17:44:44,2026-03-26 17:44:44,Amazon.de,-73.29,0.00,EUR,COMPLETED,8846.31
CARD_PAYMENT,Current,2026-03-27 16:10:05,2026-03-27 16:10:05,Maxima LT,-54.82,0.00,EUR,COMPLETED,8791.49
CARD_PAYMENT,Current,2026-03-28 18:02:29,2026-03-28 18:02:29,Steam Purchase,-71.97,0.00,EUR,COMPLETED,8719.52
CARD_PAYMENT,Current,2026-03-30 19:16:44,2026-03-30 19:16:44,Lidl Vilnius,-64.77,0.00,EUR,COMPLETED,8654.75
CARD_PAYMENT,Current,2026-04-01 13:05:26,2026-04-01 13:05:26,Lemon Gym,-34.99,0.00,EUR,COMPLETED,8619.76
CARD_PAYMENT,Current,2026-04-01 11:46:00,2026-04-01 11:46:00,Patreon* Membership,-5.00,0.00,EUR,COMPLETED,8614.76
CARD_PAYMENT,Current,2026-04-01 12:30:39,2026-04-01 12:30:39,Iki Express,-17.46,0.00,EUR,COMPLETED,8597.30
CARD_PAYMENT,Current,2026-04-01 15:06:58,2026-04-01 15:06:58,Bolt Food,-27.36,0.00,EUR,COMPLETED,8569.94
TOPUP,Current,2026-04-02 18:54:22,2026-04-02 18:54:22,Payment from Darbdavys UAB,2400.00,0.00,EUR,COMPLETED,10969.94
CARD_PAYMENT,Current,2026-04-02 16:15:41,2026-04-02 16:15:41,Lidl Vilnius,-59.66,0.00,EUR,COMPLETED,10910.28
CARD_PAYMENT,Current,2026-04-02 14:24:49,2026-04-02 14:24:49,Vapiano,-8.77,0.00,EUR,COMPLETED,10901.51
CARD_PAYMENT,Current,2026-04-03 16:12:51,2026-04-03 16:12:51,OpenAI *ChatGPT Subscr,-22.99,0.00,EUR,COMPLETED,10878.52
TRANSFER,Current,2026-04-03 08:41:31,2026-04-03 08:41:31,To Rent Landlord,-650.00,0.00,EUR,COMPLETED,10228.52
CARD_PAYMENT,Current,2026-04-03 18:27:16,2026-04-03 18:27:16,Iki Express,-19.22,0.00,EUR,COMPLETED,10209.30
CARD_PAYMENT,Current,2026-04-04 17:55:17,2026-04-04 17:55:17,"GitHub, Inc.",-9.20,0.00,EUR,COMPLETED,10200.10
CARD_PAYMENT,Current,2026-04-04 16:38:52,2026-04-04 16:38:52,Lidl Vilnius,-13.66,0.00,EUR,COMPLETED,10186.44
CARD_PAYMENT,Current,2026-04-04 11:55:11,2026-04-04 11:55:11,Pigu.lt,-44.76,0.00,EUR,COMPLETED,10141.68
CARD_PAYMENT,Current,2026-04-05 16:59:01,2026-04-05 16:59:01,Iki Express,-29.32,0.00,EUR,COMPLETED,10112.36
CARD_PAYMENT,Current,2026-04-05 09:34:32,2026-04-05 09:34:32,Caif Cafe,-27.40,0.00,EUR,COMPLETED,10084.96
CARD_PAYMENT,Current,2026-04-06 18:04:45,2026-04-06 18:04:45,Rimi Hyper,-60.32,0.00,EUR,COMPLETED,10024.64
CARD_PAYMENT,Current,2026-04-07 10:55:00,2026-04-07 10:55:00,Netflix.com,-15.99,0.00,EUR,COMPLETED,10008.65
CARD_PAYMENT,Current,2026-04-07 16:23:24,2026-04-07 16:23:24,Iki Express,-47.37,0.00,EUR,COMPLETED,9961.28
CARD_PAYMENT,Current,2026-04-08 08:54:20,2026-04-08 08:54:20,Steam Purchase,-53.03,0.00,EUR,COMPLETED,9908.25
CARD_PAYMENT,Current,2026-04-09 18:33:51,2026-04-09 18:33:51,Apple.com/Bill,-9.99,0.00,EUR,COMPLETED,9898.26
CARD_PAYMENT,Current,2026-04-10 19:05:11,2026-04-10 19:05:11,Hesburger,-24.82,0.00,EUR,COMPLETED,9873.44
CARD_PAYMENT,Current,2026-04-10 14:46:57,2026-04-10 14:46:57,Apotheka,-58.42,0.00,EUR,COMPLETED,9815.02
FEE,Current,2026-04-11 18:36:34,2026-04-11 18:36:34,Premium plan fee,-7.99,0.00,EUR,COMPLETED,9807.03
CARD_PAYMENT,Current,2026-04-13 13:42:44,2026-04-13 13:42:44,Maxima LT,-52.58,0.00,EUR,COMPLETED,9754.45
CARD_PAYMENT,Current,2026-04-13 10:43:28,2026-04-13 10:43:28,Wolt,-12.87,0.00,EUR,COMPLETED,9741.58
CARD_PAYMENT,Current,2026-04-14 16:07:50,2026-04-14 16:07:50,Spotify P2C1A3B9F4,-11.99,0.00,EUR,COMPLETED,9729.59
CARD_PAYMENT,Current,2026-04-14 12:12:08,2026-04-14 12:12:08,Wolt,-4.92,0.00,EUR,COMPLETED,9724.67
CARD_PAYMENT,Current,2026-04-15 11:49:59,2026-04-15 11:49:59,Vapiano,-27.35,0.00,EUR,COMPLETED,9697.32
CARD_PAYMENT,Current,2026-04-16 11:44:18,2026-04-16 11:44:18,Wolt+ subscription,-5.99,0.00,EUR,COMPLETED,9691.33
CARD_PAYMENT,Current,2026-04-16 19:49:27,2026-04-16 19:49:27,Bolt Food,-25.66,0.00,EUR,COMPLETED,9665.67
CARD_PAYMENT,Current,2026-04-17 11:45:09,2026-04-17 11:45:09,Vapiano,-8.16,0.00,EUR,COMPLETED,9657.51
CARD_PAYMENT,Current,2026-04-17 10:38:15,2026-04-17 10:38:15,Amazon.de,-8.58,0.00,EUR,COMPLETED,9648.93
CARD_PAYMENT,Current,2026-04-18 15:53:30,2026-04-18 15:53:30,Google *YouTube Premium,-11.99,0.00,EUR,COMPLETED,9636.94
CARD_PAYMENT,Current,2026-04-19 15:22:01,2026-04-19 15:22:01,Norfa,-10.11,0.00,EUR,COMPLETED,9626.83
EXCHANGE,Current,2026-04-20 11:23:58,2026-04-20 11:23:58,Exchanged to USD,-50.00,0.00,EUR,COMPLETED,9576.83
CARD_PAYMENT,Current,2026-04-20 16:39:22,2026-04-20 16:39:22,Norfa,-9.90,0.00,EUR,COMPLETED,9566.93
CARD_PAYMENT,Current,2026-04-21 19:25:04,2026-04-21 19:25:04,Apple.com/Bill,-2.99,0.00,EUR,COMPLETED,9563.94
CARD_PAYMENT,Current,2026-04-21 12:02:14,2026-04-21 12:02:14,Wolt,-24.51,0.00,EUR,COMPLETED,9539.43
CARD_PAYMENT,Current,2026-04-22 08:37:42,2026-04-22 08:37:42,Caif Cafe,-19.12,0.00,EUR,COMPLETED,9520.31
CARD_PAYMENT,Current,2026-04-23 08:12:50,2026-04-23 08:12:50,Iki Express,-31.58,0.00,EUR,COMPLETED,9488.73
CARD_PAYMENT,Current,2026-04-23 16:08:07,2026-04-23 16:08:07,Caif Cafe,-26.38,0.00,EUR,COMPLETED,9462.35
CARD_PAYMENT,Current,2026-04-23 10:04:28,2026-04-23 10:04:28,Amazon.de,-56.38,0.00,EUR,COMPLETED,9405.97
CARD_PAYMENT,Current,2026-04-24 16:41:34,2026-04-24 16:41:34,Iki Express,-60.97,0.00,EUR,COMPLETED,9345.00
CARD_PAYMENT,Current,2026-04-24 19:36:10,2026-04-24 19:36:10,Hesburger,-21.71,0.00,EUR,COMPLETED,9323.29
CARD_PAYMENT,Current,2026-04-25 15:25:13,2026-04-25 15:25:13,Telia Lietuva,-19.90,0.00,EUR,COMPLETED,9303.39
CARD_PAYMENT,Current,2026-04-25 18:40:47,2026-04-25 18:40:47,Norfa,-11.95,0.00,EUR,COMPLETED,9291.44
CARD_PAYMENT,Current,2026-04-25 14:18:05,2026-04-25 14:18:05,Caif Cafe,-25.83,0.00,EUR,COMPLETED,9265.61
CARD_PAYMENT,Current,2026-04-25 09:06:50,2026-04-25 09:06:50,Steam Purchase,-63.15,0.00,EUR,COMPLETED,9202.46
CARD_PAYMENT,Current,2026-04-26 18:33:11,2026-04-26 18:33:11,Caif Cafe,-17.91,0.00,EUR,COMPLETED,9184.55
CARD_PAYMENT,Current,2026-04-27 13:54:12,2026-04-27 13:54:12,Lidl Vilnius,-8.32,0.00,EUR,COMPLETED,9176.23
CARD_PAYMENT,Current,2026-04-27 16:44:52,2026-04-27 16:44:52,Apotheka,-44.06,0.00,EUR,COMPLETED,9132.17
CARD_PAYMENT,Current,2026-04-28 10:42:36,2026-04-28 10:42:36,Rimi Hyper,-17.77,0.00,EUR,COMPLETED,9114.40
CARD_PAYMENT,Current,2026-04-28 12:33:32,2026-04-28 12:33:32,Vapiano,-8.75,0.00,EUR,COMPLETED,9105.65
CARD_PAYMENT,Current,2026-04-29 15:17:35,2026-04-29 15:17:35,Iki Express,-60.77,0.00,EUR,COMPLETED,9044.88
CARD_PAYMENT,Current,2026-04-29 18:06:38,2026-04-29 18:06:38,Huracan Coffee,-24.70,0.00,EUR,COMPLETED,9020.18
CARD_PAYMENT,Current,2026-04-30 19:39:59,2026-04-30 19:39:59,Lidl Vilnius,-39.83,0.00,EUR,COMPLETED,8980.35
CARD_PAYMENT,Current,2026-05-01 08:17:58,2026-05-01 08:17:58,Lemon Gym,-34.99,0.00,EUR,COMPLETED,8945.36
CARD_PAYMENT,Current,2026-05-01 09:27:22,2026-05-01 09:27:22,Patreon* Membership,-5.00,0.00,EUR,COMPLETED,8940.36
CARD_PAYMENT,Current,2026-05-01 19:01:38,2026-05-01 19:01:38,Lidl Vilnius,-26.49,0.00,EUR,COMPLETED,8913.87
CARD_PAYMENT,Current,2026-05-01 09:37:35,2026-05-01 09:37:35,Hesburger,-24.72,0.00,EUR,COMPLETED,8889.15
TOPUP,Current,2026-05-02 14:24:34,2026-05-02 14:24:34,Payment from Darbdavys UAB,2400.00,0.00,EUR,COMPLETED,11289.15
CARD_PAYMENT,Current,2026-05-02 14:31:46,2026-05-02 14:31:46,Maxima LT,-19.32,0.00,EUR,COMPLETED,11269.83
CARD_PAYMENT,Current,2026-05-03 16:17:40,2026-05-03 16:17:40,OpenAI *ChatGPT Subscr,-22.99,0.00,EUR,COMPLETED,11246.84
TRANSFER,Current,2026-05-03 10:24:48,2026-05-03 10:24:48,To Rent Landlord,-650.00,0.00,EUR,COMPLETED,10596.84
CARD_PAYMENT,Current,2026-05-03 14:39:40,2026-05-03 14:39:40,Norfa,-63.98,0.00,EUR,COMPLETED,10532.86
CARD_PAYMENT,Current,2026-05-03 12:51:20,2026-05-03 12:51:20,Hesburger,-27.68,0.00,EUR,COMPLETED,10505.18
CARD_PAYMENT,Current,2026-05-04 15:12:23,2026-05-04 15:12:23,"GitHub, Inc.",-9.20,0.00,EUR,COMPLETED,10495.98
CARD_PAYMENT,Current,2026-05-05 12:03:16,2026-05-05 12:03:16,Maxima LT,-59.25,0.00,EUR,COMPLETED,10436.73
CARD_PAYMENT,Current,2026-05-05 15:36:30,2026-05-05 15:36:30,Amazon.de,-57.83,0.00,EUR,COMPLETED,10378.90
CARD_PAYMENT,Current,2026-05-06 15:17:02,2026-05-06 15:17:02,Norfa,-39.68,0.00,EUR,COMPLETED,10339.22
CARD_PAYMENT,Current,2026-05-07 10:29:30,2026-05-07 10:29:30,Netflix.com,-15.99,0.00,EUR,COMPLETED,10323.23
CARD_PAYMENT,Current,2026-05-08 12:38:45,2026-05-08 12:38:45,Lidl Vilnius,-22.79,0.00,EUR,COMPLETED,10300.44
CARD_PAYMENT,Current,2026-05-09 14:27:08,2026-05-09 14:27:08,Apple.com/Bill,-9.99,0.00,EUR,COMPLETED,10290.45
CARD_PAYMENT,Current,2026-05-09 12:08:58,2026-05-09 12:08:58,Lidl Vilnius,-20.11,0.00,EUR,COMPLETED,10270.34
CARD_PAYMENT,Current,2026-05-09 09:14:03,2026-05-09 09:14:03,Senukai,-16.41,0.00,EUR,COMPLETED,10253.93
FEE,Current,2026-05-11 09:55:28,2026-05-11 09:55:28,Premium plan fee,-7.99,0.00,EUR,COMPLETED,10245.94
CARD_PAYMENT,Current,2026-05-11 08:47:10,2026-05-11 08:47:10,Iki Express,-23.97,0.00,EUR,COMPLETED,10221.97
CARD_PAYMENT,Current,2026-05-14 13:32:51,2026-05-14 13:32:51,Spotify P2C1A3B9F4,-11.99,0.00,EUR,COMPLETED,10209.98
CARD_PAYMENT,Current,2026-05-14 19:02:06,2026-05-14 19:02:06,Bolt,-12.95,0.00,EUR,COMPLETED,10197.03
CARD_PAYMENT,Current,2026-05-15 10:57:13,2026-05-15 10:57:13,Maxima LT,-47.09,0.00,EUR,COMPLETED,10149.94
CARD_PAYMENT,Current,2026-05-16 18:37:31,2026-05-16 18:37:31,Wolt+ subscription,-5.99,0.00,EUR,COMPLETED,10143.95
CARD_PAYMENT,Current,2026-05-18 19:56:19,2026-05-18 19:56:19,Google *YouTube Premium,-11.99,0.00,EUR,COMPLETED,10131.96
CARD_PAYMENT,Current,2026-05-18 14:21:07,2026-05-18 14:21:07,Rimi Hyper,-34.41,0.00,EUR,COMPLETED,10097.55
CARD_PAYMENT,Current,2026-05-18 16:53:40,2026-05-18 16:53:40,Circle K,-19.46,0.00,EUR,COMPLETED,10078.09
CARD_PAYMENT,Current,2026-05-19 17:32:55,2026-05-19 17:32:55,Rimi Hyper,-25.74,0.00,EUR,COMPLETED,10052.35
EXCHANGE,Current,2026-05-20 18:38:04,2026-05-20 18:38:04,Exchanged to USD,-50.00,0.00,EUR,COMPLETED,10002.35
CARD_PAYMENT,Current,2026-05-20 11:58:18,2026-05-20 11:58:18,Vapiano,-13.02,0.00,EUR,COMPLETED,9989.33
CARD_PAYMENT,Current,2026-05-21 19:01:23,2026-05-21 19:01:23,Apple.com/Bill,-2.99,0.00,EUR,COMPLETED,9986.34
CARD_PAYMENT,Current,2026-05-21 17:16:04,2026-05-21 17:16:04,Lidl Vilnius,-40.62,0.00,EUR,COMPLETED,9945.72
CARD_PAYMENT,Current,2026-05-23 13:57:28,2026-05-23 13:57:28,Maxima LT,-48.34,0.00,EUR,COMPLETED,9897.38
CARD_PAYMENT,Current,2026-05-23 19:43:21,2026-05-23 19:43:21,Huracan Coffee,-7.59,0.00,EUR,COMPLETED,9889.79
CARD_PAYMENT,Current,2026-05-24 12:42:07,2026-05-24 12:42:07,Wolt,-13.90,0.00,EUR,COMPLETED,9875.89
CARD_PAYMENT,Current,2026-05-25 11:49:45,2026-05-25 11:49:45,Telia Lietuva,-22.40,0.00,EUR,COMPLETED,9853.49
CARD_PAYMENT,Current,2026-05-25 19:15:41,2026-05-25 19:15:41,Lidl Vilnius,-46.96,0.00,EUR,COMPLETED,9806.53
CARD_PAYMENT,Current,2026-05-26 10:03:32,2026-05-26 10:03:32,Iki Express,-19.60,0.00,EUR,COMPLETED,9786.93
CARD_PAYMENT,Current,2026-05-26 13:17:47,2026-05-26 13:17:47,Huracan Coffee,-24.73,0.00,EUR,COMPLETED,9762.20
CARD_PAYMENT,Current,2026-05-27 08:56:59,2026-05-27 08:56:59,Maxima LT,-27.14,0.00,EUR,COMPLETED,9735.06
CARD_PAYMENT,Current,2026-05-28 19:51:56,2026-05-28 19:51:56,Rimi Hyper,-14.99,0.00,EUR,COMPLETED,9720.07
CARD_PAYMENT,Current,2026-05-28 19:06:05,2026-05-28 19:06:05,Steam Purchase,-68.23,0.00,EUR,COMPLETED,9651.84
CARD_PAYMENT,Current,2026-05-31 18:49:33,2026-05-31 18:49:33,Rimi Hyper,-39.32,0.00,EUR,COMPLETED,9612.52
CARD_PAYMENT,Current,2026-06-01 09:41:25,2026-06-01 09:41:25,Lemon Gym,-34.99,0.00,EUR,COMPLETED,9577.53
CARD_PAYMENT,Current,2026-06-01 19:50:07,2026-06-01 19:50:07,Patreon* Membership,-5.00,0.00,EUR,COMPLETED,9572.53
CARD_PAYMENT,Current,2026-06-01 15:22:10,2026-06-01 15:22:10,Iki Express,-20.57,0.00,EUR,COMPLETED,9551.96
TOPUP,Current,2026-06-02 19:45:47,2026-06-02 19:45:47,Payment from Darbdavys UAB,2400.00,0.00,EUR,COMPLETED,11951.96
CARD_PAYMENT,Current,2026-06-03 10:13:16,2026-06-03 10:13:16,OpenAI *ChatGPT Subscr,-22.99,0.00,EUR,COMPLETED,11928.97
TRANSFER,Current,2026-06-03 08:50:08,2026-06-03 08:50:08,To Rent Landlord,-650.00,0.00,EUR,COMPLETED,11278.97
CARD_PAYMENT,Current,2026-06-03 10:07:05,2026-06-03 10:07:05,Steam Purchase,-36.05,0.00,EUR,COMPLETED,11242.92
CARD_PAYMENT,Current,2026-06-04 11:56:47,2026-06-04 11:56:47,"GitHub, Inc.",-9.20,0.00,EUR,COMPLETED,11233.72
CARD_PAYMENT,Current,2026-06-04 11:15:35,2026-06-04 11:15:35,Iki Express,-61.72,0.00,EUR,COMPLETED,11172.00
CARD_PAYMENT,Current,2026-06-05 11:42:33,2026-06-05 11:42:33,Rimi Hyper,-59.28,0.00,EUR,COMPLETED,11112.72
CARD_PAYMENT,Current,2026-06-06 18:58:20,2026-06-06 18:58:20,Maxima LT,-42.24,0.00,EUR,COMPLETED,11070.48
CARD_PAYMENT,Current,2026-06-07 09:51:47,2026-06-07 09:51:47,Netflix.com,-15.99,0.00,EUR,COMPLETED,11054.49
CARD_PAYMENT,Current,2026-06-07 12:39:43,2026-06-07 12:39:43,Iki Express,-12.03,0.00,EUR,COMPLETED,11042.46
CARD_PAYMENT,Current,2026-06-08 14:35:20,2026-06-08 14:35:20,Norfa,-23.28,0.00,EUR,COMPLETED,11019.18
CARD_PAYMENT,Current,2026-06-09 18:34:54,2026-06-09 18:34:54,Apple.com/Bill,-9.99,0.00,EUR,COMPLETED,11009.19
CARD_PAYMENT,Current,2026-06-09 18:38:09,2026-06-09 18:38:09,Lidl Vilnius,-13.95,0.00,EUR,COMPLETED,10995.24
CARD_PAYMENT,Current,2026-06-09 08:06:05,2026-06-09 08:06:05,Hesburger,-10.75,0.00,EUR,COMPLETED,10984.49
CARD_PAYMENT,Current,2026-06-09 09:33:54,2026-06-09 09:33:54,Circle K,-6.70,0.00,EUR,COMPLETED,10977.79
CARD_PAYMENT,Current,2026-06-10 16:07:29,2026-06-10 16:07:29,Vapiano,-17.88,0.00,EUR,COMPLETED,10959.91
FEE,Current,2026-06-11 19:25:20,2026-06-11 19:25:20,Premium plan fee,-7.99,0.00,EUR,COMPLETED,10951.92
CARD_PAYMENT,Current,2026-06-11 14:00:55,2026-06-11 14:00:55,Rimi Hyper,-58.78,0.00,EUR,COMPLETED,10893.14
CARD_PAYMENT,Current,2026-06-11 12:03:50,2026-06-11 12:03:50,Bolt Food,-7.17,0.00,EUR,COMPLETED,10885.97
CARD_PAYMENT,Current,2026-06-12 08:17:58,2026-06-12 08:17:58,Amazon Prime*2K4LD8,-49.90,0.00,EUR,COMPLETED,10836.07
CARD_PAYMENT,Current,2026-06-12 10:06:39,2026-06-12 10:06:39,Iki Express,-43.99,0.00,EUR,COMPLETED,10792.08
CARD_PAYMENT,Current,2026-06-12 17:50:14,2026-06-12 17:50:14,Bolt Food,-18.50,0.00,EUR,COMPLETED,10773.58
CARD_PAYMENT,Current,2026-06-14 15:43:47,2026-06-14 15:43:47,Spotify P2C1A3B9F4,-11.99,0.00,EUR,COMPLETED,10761.59
CARD_PAYMENT,Current,2026-06-14 18:31:16,2026-06-14 18:31:16,Huracan Coffee,-17.39,0.00,EUR,COMPLETED,10744.20
CARD_PAYMENT,Current,2026-06-15 17:36:59,2026-06-15 17:36:59,Iki Express,-13.39,0.00,EUR,COMPLETED,10730.81
CARD_PAYMENT,Current,2026-06-15 11:45:23,2026-06-15 11:45:23,Bolt Food,-8.95,0.00,EUR,COMPLETED,10721.86
CARD_PAYMENT,Current,2026-06-16 08:29:28,2026-06-16 08:29:28,Wolt+ subscription,-5.99,0.00,EUR,COMPLETED,10715.87
CARD_PAYMENT,Current,2026-06-16 18:03:00,2026-06-16 18:03:00,Rimi Hyper,-8.46,0.00,EUR,COMPLETED,10707.41
CARD_PAYMENT,Current,2026-06-16 14:55:04,2026-06-16 14:55:04,Caif Cafe,-7.50,0.00,EUR,COMPLETED,10699.91
CARD_PAYMENT,Current,2026-06-17 13:05:07,2026-06-17 13:05:07,Iki Express,-32.54,0.00,EUR,COMPLETED,10667.37
CARD_PAYMENT,Current,2026-06-18 14:47:59,2026-06-18 14:47:59,Google *YouTube Premium,-11.99,0.00,EUR,COMPLETED,10655.38
CARD_PAYMENT,Current,2026-06-18 14:12:09,2026-06-18 14:12:09,Lidl Vilnius,-36.28,0.00,EUR,COMPLETED,10619.10
CARD_PAYMENT,Current,2026-06-18 19:00:58,2026-06-18 19:00:58,Vapiano,-10.16,0.00,EUR,COMPLETED,10608.94
EXCHANGE,Current,2026-06-20 14:01:37,2026-06-20 14:01:37,Exchanged to USD,-50.00,0.00,EUR,COMPLETED,10558.94
CARD_PAYMENT,Current,2026-06-21 11:21:28,2026-06-21 11:21:28,Apple.com/Bill,-2.99,0.00,EUR,COMPLETED,10555.95
CARD_PAYMENT,Current,2026-06-21 18:12:11,2026-06-21 18:12:11,Bolt,-68.74,0.00,EUR,COMPLETED,10487.21
CARD_PAYMENT,Current,2026-06-22 08:52:45,2026-06-22 08:52:45,Norfa,-49.82,0.00,EUR,COMPLETED,10437.39
CARD_PAYMENT,Current,2026-06-22 16:44:10,2026-06-22 16:44:10,Vapiano,-19.14,0.00,EUR,COMPLETED,10418.25
CARD_PAYMENT,Current,2026-06-22 19:01:12,2026-06-22 19:01:12,Pigu.lt,-66.79,0.00,EUR,COMPLETED,10351.46
CARD_PAYMENT,Current,2026-06-23 19:23:35,2026-06-23 19:23:35,Maxima LT,-36.13,0.00,EUR,COMPLETED,10315.33
CARD_PAYMENT,Current,2026-06-24 19:43:40,2026-06-24 19:43:40,Lidl Vilnius,-50.15,0.00,EUR,COMPLETED,10265.18
CARD_PAYMENT,Current,2026-06-24 19:38:25,2026-06-24 19:38:25,Caif Cafe,-28.43,0.00,EUR,COMPLETED,10236.75
CARD_PAYMENT,Current,2026-06-25 18:30:32,2026-06-25 18:30:32,Telia Lietuva,-22.40,0.00,EUR,COMPLETED,10214.35
CARD_PAYMENT,Current,2026-06-25 09:00:48,2026-06-25 09:00:48,Iki Express,-34.50,0.00,EUR,COMPLETED,10179.85
CARD_PAYMENT,Current,2026-06-25 10:50:15,2026-06-25 10:50:15,Steam Purchase,-58.88,0.00,EUR,COMPLETED,10120.97
CARD_PAYMENT,Current,2026-06-26 19:32:29,2026-06-26 19:32:29,Rimi Hyper,-49.45,0.00,EUR,COMPLETED,10071.52
CARD_PAYMENT,Current,2026-06-26 10:03:05,2026-06-26 10:03:05,Caif Cafe,-23.98,0.00,EUR,COMPLETED,10047.54
CARD_PAYMENT,Current,2026-06-27 15:02:41,2026-06-27 15:02:41,Rimi Hyper,-33.56,0.00,EUR,COMPLETED,10013.98
CARD_PAYMENT,Current,2026-06-28 09:34:00,2026-06-28 09:34:00,Amazon.de,-35.09,0.00,EUR,COMPLETED,9978.89
CARD_PAYMENT,Current,2026-06-29 19:46:04,2026-06-29 19:46:04,Iki Express,-8.69,0.00,EUR,COMPLETED,9970.20
CARD_PAYMENT,Current,2026-06-29 12:11:22,2026-06-29 12:11:22,Bolt Food,-23.01,0.00,EUR,COMPLETED,9947.19
CARD_PAYMENT,Current,2026-06-30 17:58:27,2026-06-30 17:58:27,Rimi Hyper,-39.10,0.00,EUR,COMPLETED,9908.09
CARD_PAYMENT,Current,2026-07-01 18:46:52,2026-07-01 18:46:52,Lemon Gym,-34.99,0.00,EUR,COMPLETED,9873.10
CARD_PAYMENT,Current,2026-07-01 18:57:31,2026-07-01 18:57:31,Patreon* Membership,-5.00,0.00,EUR,COMPLETED,9868.10
CARD_PAYMENT,Current,2026-07-01 18:26:35,2026-07-01 18:26:35,Maxima LT,-13.60,0.00,EUR,COMPLETED,9854.50
TOPUP,Current,2026-07-02 13:14:23,2026-07-02 13:14:23,Payment from Darbdavys UAB,2400.00,0.00,EUR,COMPLETED,12254.50
CARD_PAYMENT,Current,2026-07-02 10:18:28,2026-07-02 10:18:28,Maxima LT,-39.01,0.00,EUR,COMPLETED,12215.49
CARD_PAYMENT,Current,2026-07-03 17:33:42,2026-07-03 17:33:42,OpenAI *ChatGPT Subscr,-22.99,0.00,EUR,COMPLETED,12192.50
TRANSFER,Current,2026-07-03 18:23:21,2026-07-03 18:23:21,To Rent Landlord,-650.00,0.00,EUR,COMPLETED,11542.50
CARD_PAYMENT,Current,2026-07-03 09:53:52,2026-07-03 09:53:52,Maxima LT,-37.62,0.00,EUR,COMPLETED,11504.88
CARD_PAYMENT,Current,2026-07-03 16:42:51,2026-07-03 16:42:51,Steam Purchase,-55.22,0.00,EUR,COMPLETED,11449.66
CARD_PAYMENT,Current,2026-07-04 17:26:38,2026-07-04 17:26:38,"GitHub, Inc.",-9.20,0.00,EUR,COMPLETED,11440.46
CARD_PAYMENT,Current,2026-07-04 16:32:37,2026-07-04 16:32:37,Rimi Hyper,-10.01,0.00,EUR,COMPLETED,11430.45
CARD_PAYMENT,Current,2026-07-05 11:29:26,2026-07-05 11:29:26,Maxima LT,-27.32,0.00,EUR,COMPLETED,11403.13
CARD_PAYMENT,Current,2026-07-06 08:55:09,2026-07-06 08:55:09,Senukai,-13.72,0.00,EUR,COMPLETED,11389.41
CARD_PAYMENT,Current,2026-07-07 18:20:42,2026-07-07 18:20:42,Netflix.com,-15.99,0.00,EUR,COMPLETED,11373.42
CARD_PAYMENT,Current,2026-07-08 17:53:44,2026-07-08 17:53:44,Lidl Vilnius,-55.14,0.00,EUR,COMPLETED,11318.28
CARD_PAYMENT,Current,2026-07-08 15:40:14,2026-07-08 15:40:14,Amazon.de,-50.89,0.00,EUR,COMPLETED,11267.39
CARD_PAYMENT,Current,2026-07-09 10:52:32,2026-07-09 10:52:32,Apple.com/Bill,-9.99,0.00,EUR,COMPLETED,11257.40
CARD_PAYMENT,Current,2026-07-09 19:49:45,2026-07-09 19:49:45,Hesburger,-24.89,0.00,EUR,COMPLETED,11232.51
CARD_PAYMENT,Current,2026-07-10 17:06:03,2026-07-10 17:06:03,Maxima LT,-62.35,0.00,EUR,COMPLETED,11170.16
CARD_PAYMENT,Current,2026-07-10 11:37:38,2026-07-10 11:37:38,Wolt,-11.63,0.00,EUR,COMPLETED,11158.53
FEE,Current,2026-07-11 08:03:23,2026-07-11 08:03:23,Premium plan fee,-7.99,0.00,EUR,COMPLETED,11150.54
CARD_PAYMENT,Current,2026-07-11 12:01:10,2026-07-11 12:01:10,Wolt,-16.99,0.00,EUR,COMPLETED,11133.55
CARD_PAYMENT,Current,2026-07-11 13:50:54,2026-07-11 13:50:54,Steam Purchase,-39.08,0.00,EUR,COMPLETED,11094.47
CARD_PAYMENT,Current,2026-07-12 08:08:08,2026-07-12 08:08:08,Maxima LT,-14.81,0.00,EUR,COMPLETED,11079.66
CARD_PAYMENT,Current,2026-07-14 10:47:15,2026-07-14 10:47:15,Spotify P2C1A3B9F4,-11.99,0.00,EUR,COMPLETED,11067.67
CARD_PAYMENT,Current,2026-07-14 12:17:09,2026-07-14 12:17:09,Iki Express,-10.57,0.00,EUR,COMPLETED,11057.10
CARD_PAYMENT,Current,2026-07-14 13:22:02,2026-07-14 13:22:02,Senukai,-27.43,0.00,EUR,COMPLETED,11029.67
CARD_REFUND,Current,2026-07-15 14:44:51,2026-07-15 14:44:51,Amazon.de,23.50,0.00,EUR,COMPLETED,11053.17
CARD_PAYMENT,Current,2026-07-15 10:21:24,2026-07-15 10:21:24,Maxima LT,-52.79,0.00,EUR,COMPLETED,11000.38
CARD_PAYMENT,Current,2026-07-15 16:48:26,2026-07-15 16:48:26,Bolt Food,-10.01,0.00,EUR,COMPLETED,10990.37
CARD_PAYMENT,Current,2026-07-15 10:50:09,2026-07-15 10:50:09,IKEA Vilnius,-71.05,0.00,EUR,COMPLETED,10919.32
CARD_PAYMENT,Current,2026-07-16 10:23:00,2026-07-16 10:23:00,Wolt+ subscription,-5.99,0.00,EUR,COMPLETED,10913.33
CARD_PAYMENT,Current,2026-07-17 13:30:58,2026-07-17 13:30:58,Wolt,-7.60,0.00,EUR,COMPLETED,10905.73
CARD_PAYMENT,Current,2026-07-17 18:23:17,2026-07-17 18:23:17,Apotheka,-50.86,0.00,EUR,COMPLETED,10854.87
CARD_PAYMENT,Current,2026-07-18 15:39:34,2026-07-18 15:39:34,Google *YouTube Premium,-11.99,0.00,EUR,COMPLETED,10842.88
CARD_PAYMENT,Current,2026-07-18 09:51:28,2026-07-18 09:51:28,Rimi Hyper,-55.20,0.00,EUR,COMPLETED,10787.68
CARD_PAYMENT,Current,2026-07-19 19:59:40,2026-07-19 19:59:40,Lidl Vilnius,-51.31,0.00,EUR,COMPLETED,10736.37
EXCHANGE,Current,2026-07-20 08:16:38,2026-07-20 08:16:38,Exchanged to USD,-50.00,0.00,EUR,COMPLETED,10686.37
CARD_PAYMENT,Current,2026-07-20 13:43:40,2026-07-20 13:43:40,Iki Express,-29.37,0.00,EUR,COMPLETED,10657.00
CARD_PAYMENT,Current,2026-07-20 15:11:07,2026-07-20 15:11:07,Caif Cafe,-21.18,0.00,EUR,COMPLETED,10635.82
CARD_PAYMENT,Current,2026-07-21 13:53:56,2026-07-21 13:53:56,Apple.com/Bill,-2.99,0.00,EUR,COMPLETED,10632.83
CARD_PAYMENT,Current,2026-07-22 10:33:33,2026-07-22 10:33:33,Iki Express,-64.93,0.00,EUR,COMPLETED,10567.90
CARD_PAYMENT,Current,2026-07-22 11:42:24,2026-07-22 11:42:24,Hesburger,-26.29,0.00,EUR,COMPLETED,10541.61
CARD_PAYMENT,Current,2026-07-23 17:18:31,2026-07-23 17:18:31,Iki Express,-13.39,0.00,EUR,COMPLETED,10528.22
CARD_PAYMENT,Current,2026-07-23 15:14:01,2026-07-23 15:14:01,Senukai,-36.55,0.00,EUR,COMPLETED,10491.67
CARD_PAYMENT,Current,2026-07-24 13:40:21,2026-07-24 13:40:21,Maxima LT,-47.05,0.00,EUR,COMPLETED,10444.62
CARD_PAYMENT,Current,2026-07-25 15:41:54,2026-07-25 15:41:54,Telia Lietuva,-19.90,0.00,EUR,COMPLETED,10424.72
CARD_PAYMENT,Current,2026-07-25 15:03:19,2026-07-25 15:03:19,Iki Express,-51.81,0.00,EUR,COMPLETED,10372.91
CARD_PAYMENT,Current,2026-07-25 11:55:56,2026-07-25 11:55:56,Bolt Food,-10.42,0.00,EUR,COMPLETED,10362.49
CARD_PAYMENT,Current,2026-07-26 14:51:18,2026-07-26 14:51:18,Iki Express,-24.91,0.00,EUR,COMPLETED,10337.58
CARD_PAYMENT,Current,2026-07-26 08:23:19,2026-07-26 08:23:19,Hesburger,-16.52,0.00,EUR,COMPLETED,10321.06
CARD_PAYMENT,Current,2026-07-26 14:04:18,2026-07-26 14:04:18,Circle K,-49.64,0.00,EUR,COMPLETED,10271.42
CARD_PAYMENT,Current,2026-07-27 09:03:45,2026-07-27 09:03:45,Norfa,-5.80,0.00,EUR,COMPLETED,10265.62
CARD_PAYMENT,Current,2026-07-28 16:40:22,2026-07-28 16:40:22,Iki Express,-25.63,0.00,EUR,COMPLETED,10239.99
CARD_PAYMENT,Current,2026-07-28 10:14:08,2026-07-28 10:14:08,Caif Cafe,-15.93,0.00,EUR,COMPLETED,10224.06
CARD_PAYMENT,Current,2026-07-30 10:15:02,2026-07-30 10:15:02,Rimi Hyper,-48.11,0.00,EUR,COMPLETED,10175.95
CARD_PAYMENT,Current,2026-07-30 12:08:29,2026-07-30 12:08:29,Huracan Coffee,-5.97,0.00,EUR,COMPLETED,10169.98
CARD_PAYMENT,Current,2026-07-31 10:04:48,2026-07-31 10:04:48,Iki Express,-39.46,0.00,EUR,COMPLETED,10130.52
CARD_PAYMENT,Current,2026-07-31 15:02:39,2026-07-31 15:02:39,Huracan Coffee,-24.97,0.00,EUR,COMPLETED,10105.55
CARD_PAYMENT,Current,2026-08-01 16:53:30,2026-08-01 16:53:30,Lemon Gym,-34.99,0.00,EUR,COMPLETED,10070.56
CARD_PAYMENT,Current,2026-08-01 18:48:24,2026-08-01 18:48:24,Patreon* Membership,-5.00,0.00,EUR,COMPLETED,10065.56
CARD_PAYMENT,Current,2026-08-01 08:18:22,2026-08-01 08:18:22,Iki Express,-30.84,0.00,EUR,COMPLETED,10034.72
CARD_PAYMENT,Current,2026-08-01 15:29:29,2026-08-01 15:29:29,Hesburger,-7.39,0.00,EUR,COMPLETED,10027.33
CARD_PAYMENT,Current,2026-08-01 08:29:06,2026-08-01 08:29:06,Circle K,-79.99,0.00,EUR,COMPLETED,9947.34
TOPUP,Current,2026-08-02 10:01:47,2026-08-02 10:01:47,Payment from Darbdavys UAB,2400.00,0.00,EUR,COMPLETED,12347.34
CARD_PAYMENT,Current,2026-08-02 14:03:19,2026-08-02 14:03:19,Iki Express,-19.25,0.00,EUR,COMPLETED,12328.09
CARD_PAYMENT,Current,2026-08-02 18:25:10,2026-08-02 18:25:10,Hesburger,-26.18,0.00,EUR,COMPLETED,12301.91
CARD_PAYMENT,Current,2026-08-02 11:04:04,2026-08-02 11:04:04,Apotheka,-11.22,0.00,EUR,COMPLETED,12290.69
CARD_PAYMENT,Current,2026-08-03 13:55:17,2026-08-03 13:55:17,OpenAI *ChatGPT Subscr,-22.99,0.00,EUR,COMPLETED,12267.70
TRANSFER,Current,2026-08-03 10:14:49,2026-08-03 10:14:49,To Rent Landlord,-650.00,0.00,EUR,COMPLETED,11617.70
CARD_PAYMENT,Current,2026-08-03 10:08:11,2026-08-03 10:08:11,Norfa,-11.45,0.00,EUR,COMPLETED,11606.25
CARD_PAYMENT,Current,2026-08-04 14:26:01,2026-08-04 14:26:01,"GitHub, Inc.",-9.20,0.00,EUR,COMPLETED,11597.05
CARD_PAYMENT,Current,2026-08-04 09:35:28,2026-08-04 09:35:28,Maxima LT,-53.32,0.00,EUR,COMPLETED,11543.73
CARD_PAYMENT,Current,2026-08-05 18:30:09,2026-08-05 18:30:09,Hesburger,-20.84,0.00,EUR,COMPLETED,11522.89
CARD_PAYMENT,Current,2026-08-06 11:13:12,2026-08-06 11:13:12,Norfa,-15.29,0.00,EUR,COMPLETED,11507.60
CARD_PAYMENT,Current,2026-08-06 11:21:25,2026-08-06 11:21:25,Caif Cafe,-25.65,0.00,EUR,COMPLETED,11481.95
CARD_PAYMENT,Current,2026-08-07 18:46:05,2026-08-07 18:46:05,Netflix.com,-15.99,0.00,EUR,COMPLETED,11465.96
CARD_PAYMENT,Current,2026-08-07 10:25:53,2026-08-07 10:25:53,Rimi Hyper,-22.71,0.00,EUR,COMPLETED,11443.25
CARD_PAYMENT,Current,2026-08-07 19:58:05,2026-08-07 19:58:05,Wolt,-18.94,0.00,EUR,COMPLETED,11424.31
CARD_PAYMENT,Current,2026-08-08 14:12:47,2026-08-08 14:12:47,Lidl Vilnius,-45.42,0.00,EUR,COMPLETED,11378.89
CARD_PAYMENT,Current,2026-08-09 08:58:17,2026-08-09 08:58:17,Apple.com/Bill,-9.99,0.00,EUR,COMPLETED,11368.90
CARD_PAYMENT,Current,2026-08-09 10:51:56,2026-08-09 10:51:56,Senukai,-55.91,0.00,EUR,COMPLETED,11312.99
CARD_PAYMENT,Current,2026-08-10 17:59:08,2026-08-10 17:59:08,Amazon.de,-33.15,0.00,EUR,COMPLETED,11279.84
FEE,Current,2026-08-11 14:17:23,2026-08-11 14:17:23,Premium plan fee,-7.99,0.00,EUR,COMPLETED,11271.85
CARD_PAYMENT,Current,2026-08-11 17:32:57,2026-08-11 17:32:57,Rimi Hyper,-20.38,0.00,EUR,COMPLETED,11251.47
CARD_PAYMENT,Current,2026-08-12 11:58:19,2026-08-12 11:58:19,Norfa,-9.13,0.00,EUR,COMPLETED,11242.34
CARD_PAYMENT,Current,2026-08-13 15:53:36,2026-08-13 15:53:36,Norfa,-34.68,0.00,EUR,COMPLETED,11207.66
CARD_PAYMENT,Current,2026-08-14 14:29:21,2026-08-14 14:29:21,Spotify P2C1A3B9F4,-11.99,0.00,EUR,COMPLETED,11195.67
CARD_PAYMENT,Current,2026-08-14 08:58:24,2026-08-14 08:58:24,Maxima LT,-37.64,0.00,EUR,COMPLETED,11158.03
CARD_PAYMENT,Current,2026-08-14 13:45:45,2026-08-14 13:45:45,Circle K,-44.51,0.00,EUR,COMPLETED,11113.52
CARD_PAYMENT,Current,2026-08-15 14:50:15,2026-08-15 14:50:15,Bolt Food,-19.96,0.00,EUR,COMPLETED,11093.56
CARD_PAYMENT,Current,2026-08-15 11:40:39,2026-08-15 11:40:39,Circle K,-72.41,0.00,EUR,COMPLETED,11021.15
CARD_PAYMENT,Current,2026-08-16 11:04:39,2026-08-16 11:04:39,Wolt+ subscription,-5.99,0.00,EUR,COMPLETED,11015.16
CARD_PAYMENT,Current,2026-08-16 19:25:33,2026-08-16 19:25:33,Norfa,-28.42,0.00,EUR,COMPLETED,10986.74
CARD_PAYMENT,Current,2026-08-16 14:37:54,2026-08-16 14:37:54,Steam Purchase,-10.22,0.00,EUR,COMPLETED,10976.52
CARD_PAYMENT,Current,2026-08-17 15:30:31,2026-08-17 15:30:31,Amazon.de,-25.13,0.00,EUR,COMPLETED,10951.39
CARD_PAYMENT,Current,2026-08-18 09:55:41,2026-08-18 09:55:41,Google *YouTube Premium,-11.99,0.00,EUR,COMPLETED,10939.40
CARD_PAYMENT,Current,2026-08-18 12:36:32,2026-08-18 12:36:32,Maxima LT,-60.64,0.00,EUR,COMPLETED,10878.76
CARD_PAYMENT,Current,2026-08-19 12:31:47,2026-08-19 12:31:47,Rimi Hyper,-49.44,0.00,EUR,COMPLETED,10829.32
EXCHANGE,Current,2026-08-20 18:41:45,2026-08-20 18:41:45,Exchanged to USD,-50.00,0.00,EUR,COMPLETED,10779.32
CARD_PAYMENT,Current,2026-08-20 12:57:26,2026-08-20 12:57:26,Maxima LT,-62.00,0.00,EUR,COMPLETED,10717.32
CARD_PAYMENT,Current,2026-08-21 11:19:45,2026-08-21 11:19:45,Apple.com/Bill,-2.99,0.00,EUR,COMPLETED,10714.33
CARD_PAYMENT,Current,2026-08-22 11:51:25,2026-08-22 11:51:25,Rimi Hyper,-55.43,0.00,EUR,COMPLETED,10658.90
CARD_PAYMENT,Current,2026-08-23 08:54:34,2026-08-23 08:54:34,Lidl Vilnius,-24.83,0.00,EUR,COMPLETED,10634.07
CARD_PAYMENT,Current,2026-08-23 17:20:41,2026-08-23 17:20:41,Vapiano,-8.64,0.00,EUR,COMPLETED,10625.43
CARD_PAYMENT,Current,2026-08-24 08:29:21,2026-08-24 08:29:21,Maxima LT,-40.11,0.00,EUR,COMPLETED,10585.32
CARD_PAYMENT,Current,2026-08-24 19:14:20,2026-08-24 19:14:20,Amazon.de,-19.72,0.00,EUR,COMPLETED,10565.60
CARD_PAYMENT,Current,2026-08-25 14:51:37,2026-08-25 14:51:37,Telia Lietuva,-19.90,0.00,EUR,COMPLETED,10545.70
CARD_PAYMENT,Current,2026-08-25 17:31:41,2026-08-25 17:31:41,Maxima LT,-40.57,0.00,EUR,COMPLETED,10505.13
CARD_PAYMENT,Current,2026-08-25 17:57:56,2026-08-25 17:57:56,Steam Purchase,-52.73,0.00,EUR,COMPLETED,10452.40
CARD_PAYMENT,Current,2026-08-27 17:59:40,2026-08-27 17:59:40,Maxima LT,-19.48,0.00,EUR,COMPLETED,10432.92
CARD_PAYMENT,Current,2026-08-28 19:18:18,2026-08-28 19:18:18,Lidl Vilnius,-46.57,0.00,EUR,COMPLETED,10386.35
CARD_PAYMENT,Current,2026-08-28 18:46:31,2026-08-28 18:46:31,Apotheka,-29.76,0.00,EUR,COMPLETED,10356.59
CARD_PAYMENT,Current,2026-08-29 11:33:55,2026-08-29 11:33:55,Iki Express,-60.60,0.00,EUR,COMPLETED,10295.99
CARD_PAYMENT,Current,2026-08-29 19:52:39,2026-08-29 19:52:39,Caif Cafe,-20.52,0.00,EUR,COMPLETED,10275.47
CARD_PAYMENT,Current,2026-08-31 14:48:44,2026-08-31 14:48:44,Maxima LT,-30.92,0.00,EUR,COMPLETED,10244.55
CARD_PAYMENT,Current,2026-08-31 08:56:25,2026-08-31 08:56:25,Vapiano,-5.12,0.00,EUR,COMPLETED,10239.43
CARD_PAYMENT,Current,2026-09-01 16:41:13,2026-09-01 16:41:13,Lemon Gym,-34.99,0.00,EUR,COMPLETED,10204.44
CARD_PAYMENT,Current,2026-09-01 18:29:24,2026-09-01 18:29:24,Patreon* Membership,-5.00,0.00,EUR,COMPLETED,10199.44
CARD_PAYMENT,Current,2026-09-01 09:46:44,2026-09-01 09:46:44,Lidl Vilnius,-32.68,0.00,EUR,COMPLETED,10166.76
CARD_PAYMENT,Current,2026-09-01 16:45:31,2026-09-01 16:45:31,Bolt Food,-16.14,0.00,EUR,COMPLETED,10150.62
TOPUP,Current,2026-09-02 19:27:00,2026-09-02 19:27:00,Payment from Darbdavys UAB,2400.00,0.00,EUR,COMPLETED,12550.62
CARD_PAYMENT,Current,2026-09-02 13:50:39,2026-09-02 13:50:39,Maxima LT,-11.71,0.00,EUR,COMPLETED,12538.91
CARD_PAYMENT,Current,2026-09-02 14:53:50,2026-09-02 14:53:50,Hesburger,-10.85,0.00,EUR,COMPLETED,12528.06
CARD_PAYMENT,Current,2026-09-02 14:28:40,2026-09-02 14:28:40,IKEA Vilnius,-17.02,0.00,EUR,COMPLETED,12511.04
CARD_PAYMENT,Current,2026-09-03 13:15:07,2026-09-03 13:15:07,OpenAI *ChatGPT Subscr,-22.99,0.00,EUR,COMPLETED,12488.05
TRANSFER,Current,2026-09-03 19:45:04,2026-09-03 19:45:04,To Rent Landlord,-650.00,0.00,EUR,COMPLETED,11838.05
CARD_PAYMENT,Current,2026-09-03 08:04:16,2026-09-03 08:04:16,Iki Express,-56.99,0.00,EUR,COMPLETED,11781.06
CARD_PAYMENT,Current,2026-09-04 11:43:39,2026-09-04 11:43:39,"GitHub, Inc.",-9.20,0.00,EUR,COMPLETED,11771.86
CARD_PAYMENT,Current,2026-09-04 10:20:02,2026-09-04 10:20:02,Lidl Vilnius,-58.05,0.00,EUR,COMPLETED,11713.81
CARD_PAYMENT,Current,2026-09-05 16:30:44,2026-09-05 16:30:44,Huracan Coffee,-6.53,0.00,EUR,COMPLETED,11707.28
CARD_PAYMENT,Current,2026-09-06 08:33:08,2026-09-06 08:33:08,Vapiano,-23.52,0.00,EUR,COMPLETED,11683.76
CARD_PAYMENT,Current,2026-09-07 12:39:29,2026-09-07 12:39:29,Netflix.com,-15.99,0.00,EUR,COMPLETED,11667.77
CARD_PAYMENT,Current,2026-09-07 19:46:48,2026-09-07 19:46:48,Wolt,-20.47,0.00,EUR,COMPLETED,11647.30
CARD_PAYMENT,Current,2026-09-09 12:32:32,2026-09-09 12:32:32,Apple.com/Bill,-9.99,0.00,EUR,COMPLETED,11637.31
CARD_PAYMENT,Current,2026-09-09 14:43:33,2026-09-09 14:43:33,Norfa,-62.17,0.00,EUR,COMPLETED,11575.14
CARD_PAYMENT,Current,2026-09-10 13:01:51,2026-09-10 13:01:51,Iki Express,-37.98,0.00,EUR,COMPLETED,11537.16
CARD_PAYMENT,Current,2026-09-10 17:59:42,2026-09-10 17:59:42,Caif Cafe,-11.65,0.00,EUR,COMPLETED,11525.51
FEE,Current,2026-09-11 09:12:34,2026-09-11 09:12:34,Premium plan fee,-7.99,0.00,EUR,COMPLETED,11517.52
CARD_PAYMENT,Current,2026-09-11 12:38:11,2026-09-11 12:38:11,Lidl Vilnius,-31.13,0.00,EUR,COMPLETED,11486.39
CARD_PAYMENT,Current,2026-09-12 17:35:59,2026-09-12 17:35:59,Norfa,-24.45,0.00,EUR,COMPLETED,11461.94
CARD_PAYMENT,Current,2026-09-13 16:37:33,2026-09-13 16:37:33,Norfa,-57.32,0.00,EUR,COMPLETED,11404.62
CARD_PAYMENT,Current,2026-09-13 12:00:12,2026-09-13 12:00:12,Vapiano,-5.38,0.00,EUR,COMPLETED,11399.24
CARD_PAYMENT,Current,2026-09-13 18:50:46,2026-09-13 18:50:46,Steam Purchase,-67.59,0.00,EUR,COMPLETED,11331.65
CARD_PAYMENT,Current,2026-09-14 13:02:08,2026-09-14 13:02:08,Spotify P2C1A3B9F4,-11.99,0.00,EUR,COMPLETED,11319.66
CARD_PAYMENT,Current,2026-09-14 17:21:39,2026-09-14 17:21:39,Norfa,-42.84,0.00,EUR,COMPLETED,11276.82
CARD_PAYMENT,Current,2026-09-15 10:42:55,2026-09-15 10:42:55,Norfa,-22.26,0.00,EUR,COMPLETED,11254.56
CARD_PAYMENT,Current,2026-09-16 12:17:13,2026-09-16 12:17:13,Wolt+ subscription,-5.99,0.00,EUR,COMPLETED,11248.57
CARD_PAYMENT,Current,2026-09-16 09:22:01,2026-09-16 09:22:01,Iki Express,-19.86,0.00,EUR,COMPLETED,11228.71
CARD_PAYMENT,Current,2026-09-16 18:04:10,2026-09-16 18:04:10,Bolt,-75.07,0.00,EUR,COMPLETED,11153.64
CARD_PAYMENT,Current,2026-09-18 14:14:21,2026-09-18 14:14:21,Iki Express,-17.17,0.00,EUR,COMPLETED,11136.47
CARD_PAYMENT,Current,2026-09-19 10:52:35,2026-09-19 10:52:35,Maxima LT,-55.45,0.00,EUR,COMPLETED,11081.02
EXCHANGE,Current,2026-09-20 14:19:23,2026-09-20 14:19:23,Exchanged to USD,-50.00,0.00,EUR,COMPLETED,11031.02
CARD_PAYMENT,Current,2026-09-20 15:26:09,2026-09-20 15:26:09,Rimi Hyper,-6.44,0.00,EUR,COMPLETED,11024.58
CARD_PAYMENT,Current,2026-09-21 10:21:04,2026-09-21 10:21:04,Apple.com/Bill,-2.99,0.00,EUR,COMPLETED,11021.59
CARD_PAYMENT,Current,2026-09-21 11:53:05,2026-09-21 11:53:05,Huracan Coffee,-25.86,0.00,EUR,COMPLETED,10995.73
CARD_PAYMENT,Current,2026-09-21 09:27:47,2026-09-21 09:27:47,Pigu.lt,-31.97,0.00,EUR,COMPLETED,10963.76
CARD_PAYMENT,Current,2026-09-22 09:51:34,2026-09-22 09:51:34,Iki Express,-53.56,0.00,EUR,COMPLETED,10910.20
CARD_PAYMENT,Current,2026-09-23 16:24:56,2026-09-23 16:24:56,Rimi Hyper,-20.10,0.00,EUR,COMPLETED,10890.10
CARD_PAYMENT,Current,2026-09-25 18:04:37,2026-09-25 18:04:37,Telia Lietuva,-19.90,0.00,EUR,COMPLETED,10870.20
CARD_PAYMENT,Current,2026-09-25 15:46:13,2026-09-25 15:46:13,Iki Express,-39.11,0.00,EUR,COMPLETED,10831.09
CARD_PAYMENT,Current,2026-09-25 11:17:01,2026-09-25 11:17:01,Caif Cafe,-17.01,0.00,EUR,COMPLETED,10814.08
CARD_PAYMENT,Current,2026-09-25 09:43:21,2026-09-25 09:43:21,Circle K,-59.64,0.00,EUR,COMPLETED,10754.44
CARD_PAYMENT,Current,2026-09-26 13:38:50,2026-09-26 13:38:50,Iki Express,-19.02,0.00,EUR,COMPLETED,10735.42
CARD_PAYMENT,Current,2026-09-26 16:09:10,2026-09-26 16:09:10,Vapiano,-24.81,0.00,EUR,COMPLETED,10710.61
CARD_PAYMENT,Current,2026-09-27 17:18:17,2026-09-27 17:18:17,Lidl Vilnius,-54.91,0.00,EUR,COMPLETED,10655.70
CARD_PAYMENT,Current,2026-09-28 13:26:27,2026-09-28 13:26:27,Bolt,-82.83,0.00,EUR,COMPLETED,10572.87
CARD_PAYMENT,Current,2026-09-29 12:48:28,2026-09-29 12:48:28,Lidl Vilnius,-50.65,0.00,EUR,COMPLETED,10522.22
CARD_PAYMENT,Current,2026-09-30 11:56:23,2026-09-30 11:56:23,Wolt,-4.73,0.00,EUR,COMPLETED,10517.49
CARD_PAYMENT,Current,2026-10-01 11:36:23,2026-10-01 11:36:23,Lemon Gym,-34.99,0.00,EUR,COMPLETED,10482.50
CARD_PAYMENT,Current,2026-10-01 18:49:07,2026-10-01 18:49:07,Patreon* Membership,-5.00,0.00,EUR,COMPLETED,10477.50
CARD_PAYMENT,Current,2026-10-01 13:07:40,2026-10-01 13:07:40,Maxima LT,-48.41,0.00,EUR,COMPLETED,10429.09
TOPUP,Current,2026-10-02 09:16:58,2026-10-02 09:16:58,Payment from Darbdavys UAB,2400.00,0.00,EUR,COMPLETED,12829.09
CARD_PAYMENT,Current,2026-10-02 11:41:11,2026-10-02 11:41:11,Iki Express,-50.61,0.00,EUR,COMPLETED,12778.48
CARD_PAYMENT,Current,2026-10-03 09:19:26,2026-10-03 09:19:26,OpenAI *ChatGPT Subscr,-22.99,0.00,EUR,COMPLETED,12755.49
TRANSFER,Current,2026-10-03 09:39:19,2026-10-03 09:39:19,To Rent Landlord,-650.00,0.00,EUR,COMPLETED,12105.49
CARD_PAYMENT,Current,2026-10-03 08:21:13,2026-10-03 08:21:13,Rimi Hyper,-22.92,0.00,EUR,COMPLETED,12082.57
CARD_PAYMENT,Current,2026-10-03 19:25:39,2026-10-03 19:25:39,Wolt,-22.87,0.00,EUR,COMPLETED,12059.70
CARD_PAYMENT,Current,2026-10-04 09:57:57,2026-10-04 09:57:57,"GitHub, Inc.",-9.20,0.00,EUR,COMPLETED,12050.50
CARD_PAYMENT,Current,2026-10-04 09:30:41,2026-10-04 09:30:41,Norfa,-33.65,0.00,EUR,COMPLETED,12016.85
CARD_PAYMENT,Current,2026-09-05 13:34:51,,Netflix.com,-15.99,0.00,EUR,DECLINED,
